timestamp_cet,air_temperature,barometric_pressure_qfe,dew_point,humidity,water_temperature,wind_direction,wind_force_avg_10min,wind_gust_max_10min,wind_speed_avg_10min,windchill
2019-12-31 18:20:00+00:00,2.0,984.7,1.5,97.0,7.0,24.0,1.0,2.8,1.0,1.9
2019-12-31 18:30:00+00:00,1.8,984.8,1.3,96.0,6.9,124.0,1.0,1.3,0.6,1.8
2019-12-31 18:40:00+00:00,1.5,985.0,0.9,96.0,7.0,120.0,1.0,1.4,0.7,1.5
2019-12-31 18:50:00+00:00,1.4,985.0,0.9,96.0,7.0,128.0,0.0,0.9,0.0,1.4
2019-12-31 19:00:00+00:00,1.3,985.0,0.9,97.0,7.0,164.0,0.0,1.2,0.0,1.3
2019-12-31 19:10:00+00:00,1.3,985.0,0.9,97.0,7.0,124.0,0.0,0.1,0.0,1.3
2019-12-31 19:20:00+00:00,1.4,985.0,1.0,98.0,6.9,0.0,0.0,0.0,0.0,1.4
2019-12-31 19:30:00+00:00,1.4,985.0,1.0,98.0,7.0,118.0,0.0,0.2,0.0,1.4
2019-12-31 19:40:00+00:00,1.3,984.9,1.0,98.0,7.0,118.0,0.0,0.5,0.0,1.3
2019-12-31 19:50:00+00:00,1.3,984.9,0.9,97.0,7.0,107.0,1.0,1.1,0.3,1.3
2019-12-31 20:00:00+00:00,1.3,985.0,0.9,97.0,7.0,41.0,0.0,0.1,0.0,1.3
2019-12-31 20:10:00+00:00,1.3,985.1,0.9,97.0,7.0,61.0,1.0,1.4,0.5,1.3
2019-12-31 20:20:00+00:00,1.3,985.1,0.8,96.0,7.0,64.0,1.0,1.6,0.4,1.3
2019-12-31 20:30:00+00:00,1.3,984.9,0.8,96.0,7.0,97.0,1.0,1.4,0.3,1.3
2019-12-31 20:40:00+00:00,1.2,985.0,0.7,96.0,7.0,87.0,1.0,2.1,1.0,1.2
2019-12-31 20:50:00+00:00,0.9,985.0,0.4,96.0,7.0,63.0,2.0,2.6,1.6,0.7
2019-12-31 21:00:00+00:00,0.8,985.0,0.2,96.0,7.0,62.0,1.0,2.6,1.2,0.7
2019-12-31 21:10:00+00:00,0.7,985.2,0.1,96.0,7.0,50.0,2.0,3.0,1.6,0.2
2019-12-31 21:20:00+00:00,0.6,985.1,0.1,96.0,7.0,44.0,1.0,2.8,1.3,0.5
2019-12-31 21:30:00+00:00,0.6,985.1,0.0,96.0,7.0,45.0,1.0,2.8,1.3,0.5
2019-12-31 21:40:00+00:00,0.5,985.2,0.0,96.0,7.0,55.0,1.0,2.9,1.0,0.4
2019-12-31 21:50:00+00:00,0.5,985.3,-0.2,95.0,7.0,68.0,1.0,2.3,1.0,0.5
2019-12-31 22:00:00+00:00,0.4,985.2,-0.3,95.0,6.9,64.0,1.0,2.5,1.3,0.3
2019-12-31 22:10:00+00:00,0.3,985.2,-0.3,96.0,7.0,41.0,1.0,2.0,0.9,0.3
2019-12-31 22:20:00+00:00,0.3,985.3,-0.3,95.0,7.0,19.0,1.0,1.7,0.6,0.3
2019-12-31 22:30:00+00:00,0.3,985.3,-0.4,95.0,6.9,26.0,1.0,1.4,0.5,0.3
2019-12-31 22:40:00+00:00,0.2,985.1,-0.4,95.0,6.9,24.0,1.0,1.3,0.3,0.2
2019-12-31 22:50:00+00:00,0.2,985.1,-0.4,96.0,6.9,10.0,1.0,1.1,0.3,0.2
2019-12-31 23:00:00+00:00,0.2,985.0,-0.4,96.0,6.9,6.0,0.0,1.0,0.0,0.2
2019-12-31 23:10:00+00:00,0.1,985.0,-0.4,96.0,6.9,24.0,0.0,0.5,0.0,0.1
2019-12-31 23:20:00+00:00,0.1,984.8,-0.5,96.0,6.9,340.0,0.0,0.8,0.1,0.1
2019-12-31 23:30:00+00:00,0.1,984.7,-0.5,96.0,6.9,326.0,1.0,1.4,0.5,0.1
2019-12-31 23:40:00+00:00,0.1,984.7,-0.5,96.0,6.9,317.0,1.0,1.7,0.7,0.1
2019-12-31 23:50:00+00:00,0.0,984.6,-0.5,96.0,6.9,321.0,1.0,1.6,0.6,0.0
2020-01-01 00:00:00+00:00,0.0,984.7,-0.5,96.0,6.9,324.0,1.0,1.5,0.6,0.0
2020-01-01 00:10:00+00:00,0.0,984.5,-0.5,96.0,6.9,310.0,0.0,1.4,0.2,0.0
2020-01-01 00:20:00+00:00,-0.1,984.3,-0.6,97.0,6.9,51.0,0.0,0.2,0.0,-0.1
2020-01-01 00:30:00+00:00,-0.1,984.2,-0.5,97.0,6.9,314.0,1.0,1.8,0.6,-0.1
2020-01-01 00:40:00+00:00,-0.1,984.3,-0.5,97.0,6.9,317.0,1.0,2.2,1.0,-0.1
2020-01-01 00:50:00+00:00,-0.1,984.2,-0.5,97.0,6.9,317.0,1.0,2.1,0.8,-0.1
2020-01-01 01:00:00+00:00,-0.1,984.1,-0.5,97.0,6.9,311.0,1.0,1.7,0.8,-0.1
2020-01-01 01:10:00+00:00,-0.1,984.0,-0.5,97.0,6.9,352.0,1.0,1.9,0.7,-0.1
2020-01-01 01:20:00+00:00,-0.2,983.9,-0.6,97.0,6.9,349.0,1.0,1.1,0.3,-0.2
2020-01-01 01:30:00+00:00,-0.2,984.0,-0.7,97.0,6.9,327.0,1.0,1.3,0.5,-0.2
2020-01-01 01:40:00+00:00,-0.3,983.9,-0.8,96.0,6.9,343.0,1.0,1.1,0.4,-0.3
2020-01-01 01:50:00+00:00,-0.3,984.0,-0.8,96.0,6.9,353.0,1.0,2.0,0.6,-0.3
2020-01-01 02:00:00+00:00,-0.3,984.0,-0.8,96.0,6.9,4.0,1.0,2.2,0.8,-0.3
2020-01-01 02:10:00+00:00,-0.3,983.8,-1.0,96.0,6.9,38.0,1.0,1.6,0.9,-0.3
2020-01-01 02:20:00+00:00,-0.4,983.6,-1.1,95.0,6.9,20.0,1.0,1.8,0.9,-0.4
2020-01-01 02:30:00+00:00,-0.5,983.6,-1.1,95.0,6.9,18.0,1.0,1.5,0.7,-0.5
2020-01-01 02:40:00+00:00,-0.5,983.5,-1.1,96.0,6.9,9.0,1.0,1.8,0.7,-0.5
2020-01-01 02:50:00+00:00,-0.5,983.5,-1.1,96.0,6.9,9.0,1.0,1.3,0.4,-0.5
2020-01-01 03:00:00+00:00,-0.5,983.5,-1.0,96.0,6.9,6.0,1.0,1.5,0.4,-0.5
2020-01-01 03:10:00+00:00,-0.5,983.5,-1.1,95.0,6.9,9.0,1.0,2.4,1.0,-0.5
2020-01-01 03:20:00+00:00,-0.6,983.7,-1.3,95.0,6.9,8.0,1.0,2.2,1.0,-0.6
2020-01-01 03:30:00+00:00,-0.7,983.6,-1.5,94.0,6.9,22.0,1.0,2.0,1.1,-0.7
2020-01-01 03:40:00+00:00,-0.8,983.7,-1.6,94.0,6.9,48.0,1.0,2.5,1.5,-0.9
2020-01-01 03:50:00+00:00,-0.9,983.7,-1.7,94.0,6.9,43.0,1.0,2.3,1.4,-0.9
2020-01-01 04:00:00+00:00,-0.9,983.8,-1.7,94.0,6.9,47.0,1.0,2.5,1.3,-1.0
2020-01-01 04:10:00+00:00,-1.0,983.8,-1.7,95.0,6.9,42.0,1.0,2.1,0.6,-1.0
2020-01-01 04:20:00+00:00,-1.0,983.7,-1.7,95.0,6.9,12.0,1.0,1.3,0.3,-1.0
2020-01-01 04:30:00+00:00,-1.0,983.7,-1.6,95.0,6.9,23.0,1.0,1.0,0.3,-1.0
2020-01-01 04:40:00+00:00,-0.9,983.6,-1.5,96.0,6.9,13.0,0.0,0.7,0.0,-0.9
2020-01-01 04:50:00+00:00,-0.9,983.6,-1.5,96.0,6.9,26.0,0.0,0.3,0.0,-0.9
2020-01-01 05:00:00+00:00,-0.9,983.5,-1.4,96.0,6.9,43.0,0.0,0.0,0.0,-0.9
2020-01-01 05:10:00+00:00,-0.8,983.4,-1.4,96.0,6.9,24.0,0.0,1.1,0.1,-0.8
2020-01-01 05:20:00+00:00,-0.8,983.4,-1.3,96.0,6.9,342.0,0.0,0.5,0.0,-0.8
2020-01-01 05:30:00+00:00,-0.8,983.4,-1.3,96.0,6.9,15.0,0.0,0.9,0.2,-0.8
2020-01-01 05:40:00+00:00,-0.7,983.5,-1.3,96.0,6.9,15.0,1.0,1.3,0.6,-0.7
2020-01-01 05:50:00+00:00,-0.7,983.5,-1.3,96.0,6.9,28.0,1.0,1.4,0.5,-0.7
2020-01-01 06:00:00+00:00,-0.7,983.5,-1.3,96.0,6.9,19.0,1.0,1.2,0.4,-0.7
2020-01-01 06:10:00+00:00,-0.8,983.6,-1.3,96.0,6.9,6.0,1.0,1.7,0.8,-0.8
2020-01-01 06:20:00+00:00,-0.8,983.6,-1.3,96.0,6.9,337.0,1.0,1.5,0.8,-0.8
2020-01-01 06:30:00+00:00,-0.8,983.6,-1.3,96.0,6.9,347.0,1.0,1.5,0.7,-0.8
2020-01-01 06:40:00+00:00,-0.8,983.6,-1.4,96.0,6.9,350.0,1.0,1.5,0.7,-0.8
2020-01-01 06:50:00+00:00,-0.8,983.6,-1.5,96.0,6.9,11.0,1.0,1.9,0.7,-0.8
2020-01-01 07:00:00+00:00,-0.8,983.6,-1.5,95.0,6.9,25.0,1.0,1.7,0.5,-0.8
2020-01-01 07:10:00+00:00,-0.9,983.7,-1.5,95.0,6.9,21.0,1.0,1.7,0.8,-0.9
2020-01-01 07:20:00+00:00,-0.9,983.7,-1.6,95.0,6.9,43.0,1.0,1.5,0.6,-0.9
2020-01-01 07:30:00+00:00,-0.9,983.9,-1.6,95.0,6.9,3.0,1.0,2.5,0.9,-0.9
2020-01-01 07:40:00+00:00,-0.8,984.0,-1.5,95.0,6.9,36.0,1.0,1.7,0.7,-0.8
2020-01-01 07:50:00+00:00,-0.8,984.1,-1.5,95.0,6.9,49.0,0.0,1.1,0.2,-0.8
2020-01-01 08:00:00+00:00,-0.8,984.2,-1.5,95.0,6.9,12.0,1.0,1.6,0.6,-0.8
2020-01-01 08:10:00+00:00,-0.8,984.2,-1.6,95.0,6.9,30.0,1.0,1.9,0.7,-0.8
2020-01-01 08:20:00+00:00,-0.8,984.2,-1.6,95.0,6.9,44.0,1.0,1.7,0.5,-0.8
2020-01-01 08:30:00+00:00,-0.8,984.2,-1.5,95.0,6.9,46.0,1.0,1.5,0.4,-0.8
2020-01-01 08:40:00+00:00,-0.8,984.2,-1.5,95.0,6.9,358.0,1.0,1.4,0.4,-0.8
2020-01-01 08:50:00+00:00,-0.7,984.3,-1.4,95.0,6.9,357.0,0.0,0.8,0.1,-0.7
2020-01-01 09:00:00+00:00,-0.6,984.4,-1.3,95.0,6.9,350.0,1.0,1.2,0.3,-0.6
2020-01-01 09:10:00+00:00,-0.6,984.5,-1.2,96.0,6.9,311.0,1.0,1.2,0.3,-0.6
2020-01-01 09:20:00+00:00,-0.4,984.5,-1.0,96.0,6.9,297.0,0.0,1.1,0.2,-0.4
2020-01-01 09:30:00+00:00,-0.4,984.4,-0.9,96.0,6.9,0.0,0.0,0.0,0.0,-0.4
2020-01-01 09:40:00+00:00,-0.4,984.4,-0.9,96.0,6.9,154.0,0.0,0.1,0.0,-0.4
2020-01-01 09:50:00+00:00,-0.3,984.5,-0.8,96.0,6.9,293.0,0.0,1.2,0.0,-0.3
2020-01-01 10:00:00+00:00,-0.3,984.5,-0.8,96.0,6.9,322.0,0.0,0.5,0.0,-0.3
2020-01-01 10:10:00+00:00,-0.2,984.4,-0.7,96.0,6.9,299.0,1.0,1.4,0.3,-0.2
2020-01-01 10:20:00+00:00,-0.1,984.4,-0.7,96.0,6.9,301.0,0.0,1.3,0.2,-0.1
2020-01-01 10:30:00+00:00,0.0,984.3,-0.7,95.0,6.9,279.0,1.0,1.6,0.4,0.0
2020-01-01 10:40:00+00:00,0.1,984.2,-0.6,95.0,6.9,271.0,1.0,2.3,1.0,0.1
2020-01-01 10:50:00+00:00,0.0,984.2,-0.7,95.0,6.9,279.0,1.0,1.7,0.4,0.0
2020-01-01 11:00:00+00:00,0.1,984.1,-0.7,94.0,6.9,298.0,0.0,1.0,0.1,0.1
2020-01-01 11:10:00+00:00,0.1,984.0,-0.7,94.0,6.9,158.0,0.0,0.6,0.1,0.1
2020-01-01 11:20:00+00:00,0.2,983.9,-0.8,93.0,6.9,0.0,0.0,0.0,0.0,0.2
2020-01-01 11:30:00+00:00,0.3,983.9,-0.7,93.0,6.9,303.0,0.0,0.5,0.0,0.3
2020-01-01 11:40:00+00:00,0.4,983.8,-0.8,92.0,6.9,143.0,1.0,1.4,0.4,0.4
2020-01-01 11:50:00+00:00,0.4,983.8,-0.6,93.0,6.9,173.0,1.0,2.7,1.1,0.4
2020-01-01 12:00:00+00:00,0.4,983.6,-0.6,93.0,6.9,169.0,1.0,2.4,1.2,0.4
2020-01-01 12:10:00+00:00,0.4,983.6,-0.5,94.0,6.9,158.0,1.0,2.0,1.1,0.4
2020-01-01 12:20:00+00:00,0.4,983.6,-0.6,93.0,6.9,102.0,1.0,2.6,0.9,0.3
2020-01-01 12:30:00+00:00,0.4,983.6,-0.6,93.0,6.9,139.0,1.0,2.2,0.8,0.4
2020-01-01 12:40:00+00:00,0.4,983.5,-0.6,93.0,6.9,45.0,1.0,1.2,0.3,0.4
2020-01-01 12:50:00+00:00,0.4,983.5,-0.7,92.0,6.9,67.0,0.0,1.2,0.1,0.4
2020-01-01 13:00:00+00:00,0.4,983.5,-0.7,92.0,6.9,144.0,0.0,0.8,0.1,0.4
2020-01-01 13:10:00+00:00,0.5,983.4,-0.7,92.0,6.9,0.0,0.0,0.0,0.0,0.5
2020-01-01 13:20:00+00:00,0.5,983.4,-0.7,92.0,6.9,0.0,0.0,0.0,0.0,0.5
2020-01-01 13:30:00+00:00,0.6,983.4,-0.7,91.0,6.9,166.0,1.0,2.0,0.4,0.6
2020-01-01 13:40:00+00:00,0.5,983.3,-0.7,92.0,6.9,168.0,1.0,1.8,0.6,0.5
2020-01-01 13:50:00+00:00,0.5,983.3,-0.7,92.0,6.9,166.0,0.0,0.5,0.0,0.5
2020-01-01 14:00:00+00:00,0.4,983.2,-0.7,92.0,6.9,329.0,0.0,0.3,0.0,0.4
2020-01-01 14:10:00+00:00,0.5,983.2,-0.7,92.0,6.9,324.0,1.0,1.6,0.5,0.5
2020-01-01 14:20:00+00:00,0.5,983.2,-0.5,92.0,6.9,123.0,1.0,1.5,0.3,0.5
2020-01-01 14:30:00+00:00,0.6,983.2,-0.4,93.0,6.9,17.0,1.0,1.6,0.4,0.6
2020-01-01 14:40:00+00:00,0.6,983.2,-0.5,92.0,6.9,22.0,1.0,2.4,0.6,0.6
2020-01-01 14:50:00+00:00,0.6,983.2,-0.6,92.0,6.9,192.0,0.0,0.9,0.1,0.6
2020-01-01 15:00:00+00:00,0.6,983.2,-0.6,92.0,6.9,288.0,0.0,1.7,0.1,0.6
2020-01-01 15:10:00+00:00,0.6,983.1,-0.7,91.0,6.9,126.0,1.0,1.5,0.3,0.6
2020-01-01 15:20:00+00:00,0.5,983.1,-0.8,91.0,6.9,80.0,0.0,0.2,0.0,0.5
2020-01-01 15:30:00+00:00,0.6,983.2,-0.7,91.0,6.9,117.0,0.0,0.6,0.0,0.6
2020-01-01 15:40:00+00:00,0.6,983.1,-0.7,91.0,6.9,94.0,0.0,0.6,0.0,0.6
2020-01-01 15:50:00+00:00,0.6,983.1,-0.7,91.0,6.9,111.0,0.0,0.0,0.0,0.6
2020-01-01 16:00:00+00:00,0.6,983.1,-0.7,91.0,6.9,0.0,0.0,0.0,0.0,0.6
2020-01-01 16:10:00+00:00,0.6,983.1,-0.6,91.0,6.9,0.0,0.0,0.0,0.0,0.6
2020-01-01 16:20:00+00:00,0.7,983.1,-0.6,91.0,6.9,91.0,0.0,1.0,0.1,0.7
2020-01-01 16:30:00+00:00,0.7,983.2,-0.6,91.0,6.9,106.0,0.0,1.2,0.2,0.7
2020-01-01 16:40:00+00:00,0.6,983.2,-0.7,91.0,6.9,74.0,1.0,0.9,0.3,0.6
2020-01-01 16:50:00+00:00,0.6,983.2,-0.7,91.0,6.9,66.0,1.0,1.2,0.6,0.6
2020-01-01 17:00:00+00:00,0.6,983.4,-0.6,91.0,6.9,64.0,1.0,2.2,0.8,0.6
2020-01-01 17:10:00+00:00,0.6,983.4,-0.7,91.0,6.9,53.0,1.0,2.2,1.4,0.6
2020-01-01 17:20:00+00:00,0.5,983.5,-0.7,91.0,6.9,55.0,1.0,2.3,1.3,0.5
2020-01-01 17:30:00+00:00,0.5,983.5,-0.8,91.0,6.9,56.0,1.0,2.0,1.0,0.5
2020-01-01 17:40:00+00:00,0.4,983.5,-0.8,92.0,6.9,34.0,1.0,1.2,0.5,0.4
2020-01-01 17:50:00+00:00,0.4,983.6,-0.7,92.0,6.9,2.0,1.0,1.5,0.9,0.4
2020-01-01 18:00:00+00:00,0.4,983.5,-0.7,92.0,6.9,357.0,1.0,1.5,0.9,0.4
2020-01-01 18:10:00+00:00,0.4,983.6,-0.7,92.0,6.9,341.0,0.0,1.0,0.2,0.4
2020-01-01 18:20:00+00:00,0.4,983.6,-0.7,92.0,6.9,0.0,0.0,0.0,0.0,0.4
2020-01-01 18:30:00+00:00,0.4,983.6,-0.6,92.0,6.9,45.0,1.0,1.0,0.3,0.4
2020-01-01 18:40:00+00:00,0.4,983.5,-0.6,92.0,6.9,27.0,0.0,1.0,0.2,0.4
2020-01-01 18:50:00+00:00,0.4,983.5,-0.6,93.0,6.9,45.0,0.0,1.3,0.2,0.4
2020-01-01 19:00:00+00:00,0.4,983.5,-0.6,93.0,6.9,50.0,0.0,0.5,0.0,0.4
2020-01-01 19:10:00+00:00,0.4,983.5,-0.6,93.0,6.9,358.0,0.0,1.1,0.2,0.4
2020-01-01 19:20:00+00:00,0.4,983.4,-0.6,93.0,6.9,344.0,0.0,0.3,0.0,0.4
2020-01-01 19:30:00+00:00,0.4,983.4,-0.6,93.0,6.9,1.0,0.0,1.1,0.2,0.4
2020-01-01 19:40:00+00:00,0.4,983.3,-0.6,93.0,6.9,352.0,1.0,1.4,0.4,0.4
2020-01-01 19:50:00+00:00,0.4,983.3,-0.7,92.0,6.9,18.0,1.0,1.2,0.3,0.4
2020-01-01 20:00:00+00:00,0.4,983.2,-0.7,93.0,6.9,314.0,0.0,1.1,0.2,0.4
2020-01-01 20:10:00+00:00,0.5,983.1,-0.4,93.0,6.9,155.0,1.0,1.8,0.6,0.5
2020-01-01 20:20:00+00:00,0.6,983.1,-0.3,94.0,6.9,189.0,1.0,1.7,0.9,0.6
2020-01-01 20:30:00+00:00,0.6,983.2,-0.3,94.0,6.9,241.0,1.0,2.2,1.2,0.6
2020-01-01 20:40:00+00:00,0.5,983.1,-0.3,94.0,6.9,225.0,1.0,1.9,0.8,0.5
2020-01-01 20:50:00+00:00,0.5,983.1,-0.4,94.0,6.9,122.0,1.0,2.0,0.5,0.5
2020-01-01 21:00:00+00:00,0.5,983.0,-0.5,94.0,6.9,293.0,1.0,1.5,0.3,0.5
2020-01-01 21:10:00+00:00,0.4,982.9,-0.5,93.0,6.9,279.0,0.0,1.4,0.1,0.4
2020-01-01 21:20:00+00:00,0.5,982.9,-0.4,94.0,6.9,272.0,1.0,2.4,0.9,0.4
2020-01-01 21:30:00+00:00,0.4,982.9,-0.4,94.0,6.9,258.0,1.0,2.4,1.4,0.3
2020-01-01 21:40:00+00:00,0.4,982.9,-0.3,95.0,6.9,281.0,1.0,2.5,1.3,0.3
2020-01-01 21:50:00+00:00,0.3,982.9,-0.4,95.0,6.9,323.0,1.0,1.8,0.8,0.3
2020-01-01 22:00:00+00:00,0.2,982.9,-0.6,94.0,6.9,329.0,1.0,2.1,0.5,0.2
2020-01-01 22:10:00+00:00,0.1,983.0,-0.7,94.0,6.9,350.0,1.0,1.3,0.3,0.1
2020-01-01 22:20:00+00:00,0.1,982.9,-0.7,94.0,6.9,286.0,1.0,1.4,0.3,0.1
2020-01-01 22:30:00+00:00,0.1,982.9,-0.6,95.0,6.9,313.0,0.0,1.2,0.1,0.1
2020-01-01 22:40:00+00:00,0.1,982.9,-0.7,94.0,6.9,274.0,0.0,1.9,0.2,0.1
2020-01-01 22:50:00+00:00,0.1,982.8,-0.5,95.0,6.9,261.0,1.0,2.2,1.1,0.1
2020-01-01 23:00:00+00:00,0.0,982.7,-0.6,96.0,6.9,227.0,1.0,2.4,1.4,0.0
2020-01-01 23:10:00+00:00,-0.1,982.6,-0.7,96.0,6.9,197.0,1.0,2.2,1.2,-0.1
2020-01-01 23:20:00+00:00,-0.1,982.6,-0.7,96.0,6.9,215.0,1.0,2.3,1.5,-0.2
2020-01-01 23:30:00+00:00,-0.2,982.6,-0.7,96.0,6.9,271.0,1.0,2.0,1.0,-0.2
2020-01-01 23:40:00+00:00,-0.2,982.6,-0.7,96.0,6.9,166.0,1.0,2.0,0.9,-0.2
2020-01-01 23:50:00+00:00,-0.3,982.5,-0.9,96.0,6.9,233.0,1.0,2.1,0.8,-0.3
2020-01-02 00:00:00+00:00,-0.3,982.5,-0.9,95.0,6.9,210.0,1.0,2.0,0.8,-0.3
2020-01-02 00:10:00+00:00,-0.3,982.5,-0.9,95.0,6.9,259.0,1.0,1.8,0.3,-0.3
2020-01-02 00:20:00+00:00,-0.3,982.4,-1.0,95.0,6.9,0.0,0.0,0.0,0.0,-0.3
2020-01-02 00:30:00+00:00,-0.2,982.4,-0.9,95.0,6.9,310.0,0.0,0.6,0.0,-0.2
2020-01-02 00:40:00+00:00,-0.2,982.3,-1.0,95.0,6.9,0.0,0.0,0.0,0.0,-0.2
2020-01-02 00:50:00+00:00,-0.2,982.3,-1.0,94.0,6.9,311.0,0.0,0.2,0.0,-0.2
2020-01-02 01:00:00+00:00,-0.2,982.3,-1.0,94.0,6.9,0.0,0.0,0.0,0.0,-0.2
2020-01-02 01:10:00+00:00,-0.2,982.3,-1.0,94.0,6.9,4.0,0.0,1.1,0.2,-0.2
2020-01-02 01:20:00+00:00,-0.2,982.3,-1.0,94.0,6.9,358.0,0.0,0.6,0.0,-0.2
2020-01-02 01:30:00+00:00,-0.1,982.3,-1.0,94.0,6.9,281.0,0.0,1.2,0.2,-0.1
2020-01-02 01:40:00+00:00,-0.1,982.3,-0.8,95.0,6.9,214.0,1.0,2.2,1.2,-0.1
2020-01-02 01:50:00+00:00,-0.1,982.3,-0.7,95.0,6.9,225.0,1.0,1.9,0.9,-0.1
2020-01-02 02:00:00+00:00,-0.1,982.3,-0.8,95.0,6.9,231.0,1.0,2.1,1.1,-0.1
2020-01-02 02:10:00+00:00,0.0,982.2,-0.6,96.0,6.9,140.0,2.0,2.9,1.6,-0.4
2020-01-02 02:20:00+00:00,0.0,982.2,-0.6,96.0,6.9,155.0,2.0,2.4,1.6,-0.2
2020-01-02 02:30:00+00:00,0.0,982.3,-0.6,96.0,6.9,211.0,1.0,2.3,1.3,0.0
2020-01-02 02:40:00+00:00,0.0,982.4,-0.7,95.0,6.9,233.0,1.0,2.6,1.1,-0.1
2020-01-02 02:50:00+00:00,0.0,982.5,-0.6,95.0,6.9,181.0,1.0,2.2,1.2,0.0
2020-01-02 03:00:00+00:00,0.0,982.4,-0.7,95.0,6.9,189.0,1.0,2.2,1.3,0.0
2020-01-02 03:10:00+00:00,0.0,982.3,-0.7,95.0,6.9,146.0,1.0,2.0,0.7,0.0
2020-01-02 03:20:00+00:00,0.1,982.3,-0.6,95.0,6.9,154.0,2.0,3.0,1.6,-0.3
2020-01-02 03:30:00+00:00,0.1,982.2,-0.7,94.0,6.9,153.0,1.0,1.7,0.5,0.1
2020-01-02 03:40:00+00:00,0.2,982.2,-0.5,95.0,6.9,113.0,1.0,2.5,0.7,0.1
2020-01-02 03:50:00+00:00,0.3,982.2,-0.4,95.0,6.9,118.0,1.0,2.3,1.2,0.2
2020-01-02 04:00:00+00:00,0.2,982.1,-0.4,95.0,6.9,122.0,1.0,2.5,1.3,0.1
2020-01-02 04:10:00+00:00,0.2,982.1,-0.5,95.0,6.9,153.0,1.0,2.9,1.4,0.0
2020-01-02 04:20:00+00:00,0.2,982.0,-0.4,95.0,6.9,156.0,1.0,2.1,1.1,0.2
2020-01-02 04:30:00+00:00,0.1,982.0,-0.5,95.0,6.9,152.0,1.0,2.1,1.0,0.1
2020-01-02 04:40:00+00:00,0.2,981.9,-0.4,96.0,6.9,176.0,1.0,2.0,0.7,0.2
2020-01-02 04:50:00+00:00,0.1,981.9,-0.4,96.0,6.9,179.0,1.0,2.4,0.6,0.1
2020-01-02 05:00:00+00:00,0.1,981.9,-0.4,96.0,6.9,125.0,1.0,2.3,0.3,0.1
2020-01-02 05:10:00+00:00,0.1,981.9,-0.4,96.0,6.9,13.0,1.0,2.5,0.3,0.1
2020-01-02 05:20:00+00:00,0.0,982.0,-0.6,96.0,6.9,114.0,0.0,1.1,0.2,0.0
2020-01-02 05:30:00+00:00,-0.1,982.0,-0.7,96.0,6.9,0.0,0.0,0.0,0.0,-0.1
2020-01-02 05:40:00+00:00,0.0,982.0,-0.5,96.0,6.9,71.0,0.0,1.1,0.0,0.0
2020-01-02 05:50:00+00:00,0.0,981.9,-0.6,96.0,6.9,103.0,1.0,1.5,0.4,0.0
2020-01-02 06:00:00+00:00,-0.1,981.8,-0.7,96.0,6.9,107.0,0.0,0.8,0.2,-0.1
2020-01-02 06:10:00+00:00,-0.1,981.9,-0.7,96.0,6.9,159.0,0.0,1.0,0.1,-0.1
2020-01-02 06:20:00+00:00,-0.1,982.0,-0.7,96.0,6.9,118.0,0.0,1.4,0.2,-0.1
2020-01-02 06:30:00+00:00,-0.2,982.0,-0.8,96.0,6.9,124.0,0.0,1.4,0.1,-0.2
2020-01-02 06:40:00+00:00,-0.2,981.9,-0.7,97.0,6.9,21.0,1.0,2.0,0.6,-0.2
2020-01-02 06:50:00+00:00,-0.3,981.9,-0.7,97.0,6.9,171.0,0.0,0.1,0.0,-0.3
2020-01-02 07:00:00+00:00,-0.3,981.9,-0.7,97.0,6.9,108.0,0.0,0.8,0.2,-0.3
2020-01-02 07:10:00+00:00,-0.3,982.0,-0.8,97.0,6.8,102.0,0.0,0.8,0.1,-0.3
2020-01-02 07:20:00+00:00,-0.4,982.0,-0.8,97.0,6.8,105.0,0.0,0.9,0.1,-0.4
2020-01-02 07:30:00+00:00,-0.4,982.1,-0.8,97.0,6.8,87.0,1.0,1.9,0.6,-0.4
2020-01-02 07:40:00+00:00,-0.3,982.1,-0.8,96.0,6.8,74.0,1.0,1.7,0.5,-0.3
2020-01-02 07:50:00+00:00,-0.3,982.1,-0.9,96.0,6.8,183.0,0.0,1.2,0.1,-0.3
2020-01-02 08:00:00+00:00,-0.3,982.2,-0.9,96.0,6.8,0.0,0.0,0.0,0.0,-0.3
2020-01-02 08:10:00+00:00,-0.3,982.2,-0.8,96.0,6.8,96.0,1.0,1.4,0.3,-0.3
2020-01-02 08:20:00+00:00,-0.2,982.2,-0.7,96.0,6.8,191.0,1.0,1.6,0.3,-0.2
2020-01-02 08:30:00+00:00,-0.2,982.3,-0.7,96.0,6.8,244.0,1.0,1.5,0.5,-0.2
2020-01-02 08:40:00+00:00,-0.2,982.4,-0.8,96.0,6.8,158.0,0.0,1.2,0.2,-0.2
2020-01-02 08:50:00+00:00,-0.2,982.5,-0.7,96.0,6.8,149.0,1.0,2.1,1.0,-0.2
2020-01-02 09:00:00+00:00,-0.2,982.5,-0.7,96.0,6.8,129.0,1.0,1.8,0.8,-0.2
2020-01-02 09:10:00+00:00,-0.1,982.5,-0.6,97.0,6.9,63.0,0.0,1.0,0.1,-0.1
2020-01-02 09:20:00+00:00,-0.1,982.5,-0.6,96.0,6.9,160.0,1.0,1.5,0.4,-0.1
2020-01-02 09:30:00+00:00,-0.2,982.5,-0.7,96.0,6.9,95.0,1.0,2.8,1.0,-0.3
2020-01-02 09:40:00+00:00,-0.2,982.6,-0.7,96.0,6.9,164.0,1.0,1.5,0.7,-0.2
2020-01-02 09:50:00+00:00,-0.3,982.6,-0.7,97.0,6.9,220.0,2.0,2.4,1.6,-0.4
2020-01-02 10:00:00+00:00,-0.4,982.6,-0.7,97.0,6.9,201.0,1.0,2.0,0.6,-0.4
2020-01-02 10:10:00+00:00,-0.4,982.5,-0.7,98.0,6.9,116.0,0.0,1.5,0.2,-0.4
2020-01-02 10:20:00+00:00,-0.3,982.5,-0.7,98.0,6.9,0.0,0.0,0.0,0.0,-0.3
2020-01-02 10:30:00+00:00,-0.3,982.5,-0.6,98.0,6.9,85.0,1.0,1.5,0.5,-0.3
2020-01-02 10:40:00+00:00,-0.3,982.4,-0.7,97.0,6.9,76.0,0.0,1.1,0.0,-0.3
2020-01-02 10:50:00+00:00,-0.2,982.4,-0.6,97.0,6.9,108.0,1.0,1.3,0.4,-0.2
2020-01-02 11:00:00+00:00,-0.2,982.4,-0.6,97.0,6.9,63.0,1.0,1.6,0.6,-0.2
2020-01-02 11:10:00+00:00,-0.1,982.2,-0.6,97.0,6.9,113.0,1.0,1.6,0.6,-0.1
2020-01-02 11:20:00+00:00,-0.1,982.1,-0.6,96.0,6.9,83.0,0.0,1.2,0.0,-0.1
2020-01-02 11:30:00+00:00,-0.1,982.1,-0.7,96.0,6.9,186.0,0.0,1.6,0.2,-0.1
2020-01-02 11:40:00+00:00,-0.1,981.9,-0.8,95.0,6.9,118.0,0.0,0.5,0.0,-0.1
2020-01-02 11:50:00+00:00,0.0,981.8,-0.7,95.0,6.9,305.0,0.0,0.1,0.0,0.0
2020-01-02 12:00:00+00:00,0.1,981.7,-0.7,94.0,6.9,12.0,0.0,0.4,0.0,0.1
2020-01-02 12:10:00+00:00,0.2,981.6,-0.7,93.0,6.9,14.0,0.0,0.1,0.0,0.2
2020-01-02 12:20:00+00:00,0.3,981.5,-0.7,93.0,6.9,0.0,0.0,0.0,0.0,0.3
2020-01-02 12:30:00+00:00,0.3,981.4,-0.6,93.0,6.9,0.0,0.0,0.0,0.0,0.3
2020-01-02 12:40:00+00:00,0.4,981.3,-0.5,94.0,6.9,0.0,0.0,0.0,0.0,0.4
2020-01-02 12:50:00+00:00,0.4,981.1,-0.5,93.0,6.9,100.0,0.0,1.3,0.2,0.4
2020-01-02 13:00:00+00:00,0.5,981.0,-0.5,93.0,6.9,118.0,0.0,1.3,0.1,0.5
2020-01-02 13:10:00+00:00,0.5,981.0,-0.5,93.0,6.9,128.0,0.0,1.3,0.2,0.5
2020-01-02 13:20:00+00:00,0.5,980.9,-0.4,93.0,6.9,73.0,0.0,0.5,0.0,0.5
2020-01-02 13:30:00+00:00,0.6,980.8,-0.3,93.0,6.9,0.0,0.0,0.0,0.0,0.6
2020-01-02 13:40:00+00:00,0.7,980.7,-0.1,94.0,6.9,162.0,1.0,2.2,0.4,0.7
2020-01-02 13:50:00+00:00,0.7,980.8,-0.1,94.0,6.9,125.0,0.0,0.8,0.1,0.7
2020-01-02 14:00:00+00:00,0.8,980.8,-0.1,94.0,6.9,0.0,0.0,0.0,0.0,0.8
2020-01-02 14:10:00+00:00,0.8,980.8,-0.1,94.0,6.9,56.0,0.0,0.1,0.0,0.8
2020-01-02 14:20:00+00:00,0.8,980.7,0.0,94.0,6.9,153.0,0.0,0.6,0.0,0.8
2020-01-02 14:30:00+00:00,0.8,980.6,-0.1,93.0,6.9,0.0,0.0,0.0,0.0,0.8
2020-01-02 14:40:00+00:00,0.8,980.7,-0.1,94.0,6.9,0.0,0.0,0.0,0.0,0.8
2020-01-02 14:50:00+00:00,0.9,980.6,-0.1,93.0,6.9,13.0,0.0,1.0,0.1,0.9
2020-01-02 15:00:00+00:00,0.9,980.5,-0.1,93.0,6.9,39.0,0.0,1.2,0.1,0.9
2020-01-02 15:10:00+00:00,0.9,980.5,-0.1,93.0,6.9,161.0,0.0,1.5,0.2,0.9
2020-01-02 15:20:00+00:00,0.8,980.6,-0.1,94.0,6.9,157.0,1.0,1.9,0.5,0.8
2020-01-02 15:30:00+00:00,0.8,980.7,0.0,94.0,6.9,124.0,0.0,1.2,0.2,0.8
2020-01-02 15:40:00+00:00,0.7,980.7,-0.2,93.0,6.9,105.0,1.0,1.3,0.5,0.7
2020-01-02 15:50:00+00:00,0.7,980.6,-0.3,93.0,6.9,81.0,0.0,0.9,0.1,0.7
2020-01-02 16:00:00+00:00,0.7,980.6,-0.3,93.0,6.9,97.0,0.0,1.1,0.2,0.7
2020-01-02 16:10:00+00:00,0.7,980.5,-0.3,93.0,6.9,99.0,1.0,1.7,0.6,0.7
2020-01-02 16:20:00+00:00,0.7,980.5,-0.3,93.0,6.9,93.0,0.0,1.6,0.2,0.7
2020-01-02 16:30:00+00:00,0.7,980.6,-0.3,93.0,6.9,78.0,0.0,0.8,0.1,0.7
2020-01-02 16:40:00+00:00,0.7,980.6,-0.2,93.0,6.9,47.0,0.0,1.4,0.2,0.7
2020-01-02 16:50:00+00:00,0.7,980.6,-0.2,93.0,6.9,37.0,0.0,1.1,0.1,0.7
2020-01-02 17:00:00+00:00,0.8,980.7,-0.2,93.0,6.9,52.0,0.0,0.7,0.1,0.8
2020-01-02 17:10:00+00:00,0.8,980.7,-0.2,94.0,6.9,73.0,1.0,1.2,0.4,0.8
2020-01-02 17:20:00+00:00,0.7,980.8,-0.2,94.0,6.9,100.0,1.0,1.0,0.3,0.7
2020-01-02 17:30:00+00:00,0.7,980.7,-0.2,94.0,6.9,75.0,1.0,1.3,0.4,0.7
2020-01-02 17:40:00+00:00,0.7,980.8,-0.1,94.0,6.8,73.0,0.0,1.0,0.2,0.7
2020-01-02 17:50:00+00:00,0.7,980.9,-0.1,94.0,6.8,92.0,1.0,1.2,0.3,0.7
2020-01-02 18:00:00+00:00,0.7,980.9,-0.1,94.0,6.8,108.0,0.0,0.8,0.0,0.7
2020-01-02 18:10:00+00:00,0.7,981.1,-0.1,94.0,6.8,0.0,0.0,0.0,0.0,0.7
2020-01-02 18:20:00+00:00,0.8,981.2,0.1,95.0,6.8,198.0,1.0,1.5,0.3,0.8
2020-01-02 18:30:00+00:00,0.8,981.2,0.2,96.0,6.8,187.0,1.0,2.0,0.5,0.8
2020-01-02 18:40:00+00:00,0.8,981.1,0.3,96.0,6.9,114.0,1.0,1.1,0.3,0.8
2020-01-02 18:50:00+00:00,0.8,981.1,0.3,97.0,6.8,114.0,1.0,1.4,0.5,0.8
2020-01-02 19:00:00+00:00,0.8,981.2,0.3,97.0,6.8,228.0,1.0,2.1,0.9,0.8
2020-01-02 19:10:00+00:00,0.7,981.2,0.1,96.0,6.8,198.0,1.0,2.4,1.3,0.7
2020-01-02 19:20:00+00:00,0.7,981.1,0.1,96.0,6.8,156.0,2.0,3.1,1.8,-0.2
2020-01-02 19:30:00+00:00,0.6,981.1,0.1,96.0,6.8,164.0,2.0,4.6,3.2,-3.2
2020-01-02 19:40:00+00:00,0.5,981.0,0.0,96.0,6.8,188.0,2.0,4.1,2.0,-1.3
2020-01-02 19:50:00+00:00,0.5,981.0,0.0,97.0,6.8,106.0,1.0,1.9,0.6,0.5
2020-01-02 20:00:00+00:00,0.7,981.0,0.1,96.0,6.8,155.0,1.0,2.5,0.9,0.7
2020-01-02 20:10:00+00:00,0.7,981.0,0.1,96.0,6.8,98.0,1.0,1.4,0.3,0.7
2020-01-02 20:20:00+00:00,0.7,981.0,0.1,96.0,6.8,125.0,1.0,1.6,0.4,0.7
2020-01-02 20:30:00+00:00,0.8,981.0,0.2,96.0,6.8,154.0,0.0,0.6,0.0,0.8
2020-01-02 20:40:00+00:00,0.9,981.2,0.2,95.0,6.8,83.0,0.0,0.9,0.0,0.9
2020-01-02 20:50:00+00:00,0.9,981.2,0.2,95.0,6.8,108.0,1.0,1.8,0.6,0.9
2020-01-02 21:00:00+00:00,0.8,981.2,0.1,95.0,6.8,189.0,1.0,2.3,0.4,0.8
2020-01-02 21:10:00+00:00,0.8,981.1,0.0,94.0,6.8,173.0,0.0,1.6,0.1,0.8
2020-01-02 21:20:00+00:00,0.8,981.0,0.0,94.0,6.8,58.0,1.0,1.7,0.4,0.8
2020-01-02 21:30:00+00:00,0.9,981.1,0.0,94.0,6.8,172.0,1.0,1.8,0.6,0.9
2020-01-02 21:40:00+00:00,1.0,981.1,0.2,94.0,6.8,173.0,1.0,1.8,0.5,1.0
2020-01-02 21:50:00+00:00,0.9,981.1,0.0,94.0,6.8,133.0,1.0,1.9,0.5,0.9
2020-01-02 22:00:00+00:00,0.8,981.1,-0.1,94.0,6.8,138.0,1.0,1.8,0.5,0.8
2020-01-02 22:10:00+00:00,0.7,981.1,-0.2,93.0,6.8,117.0,1.0,1.5,0.3,0.7
2020-01-02 22:20:00+00:00,0.7,981.1,-0.3,93.0,6.8,111.0,1.0,1.3,0.5,0.7
2020-01-02 22:30:00+00:00,0.7,981.0,-0.3,93.0,6.8,109.0,1.0,1.3,0.3,0.7
2020-01-02 22:40:00+00:00,0.7,981.0,-0.3,93.0,6.8,116.0,1.0,1.5,0.4,0.7
2020-01-02 22:50:00+00:00,0.7,980.9,-0.3,93.0,6.8,108.0,1.0,1.4,0.5,0.7
2020-01-02 23:00:00+00:00,0.7,980.8,-0.3,93.0,6.8,105.0,1.0,1.9,0.9,0.7
2020-01-02 23:10:00+00:00,0.7,980.8,-0.2,94.0,6.8,96.0,1.0,1.8,0.9,0.7
2020-01-02 23:20:00+00:00,0.7,980.7,-0.2,94.0,6.8,105.0,1.0,1.9,0.9,0.7
2020-01-02 23:30:00+00:00,0.7,980.6,-0.2,94.0,6.8,111.0,1.0,1.6,0.7,0.7
2020-01-02 23:40:00+00:00,0.7,980.6,-0.2,93.0,6.8,110.0,1.0,1.4,0.4,0.7
2020-01-02 23:50:00+00:00,0.8,980.4,-0.2,93.0,6.8,116.0,1.0,1.4,0.6,0.8
2020-01-03 00:00:00+00:00,0.8,980.4,-0.2,93.0,6.8,116.0,0.0,1.0,0.2,0.8
2020-01-03 00:10:00+00:00,0.8,980.3,-0.2,93.0,6.8,104.0,1.0,1.5,0.5,0.8
2020-01-03 00:20:00+00:00,0.9,980.2,-0.1,93.0,6.8,113.0,1.0,1.7,0.9,0.9
2020-01-03 00:30:00+00:00,1.0,980.1,-0.1,93.0,6.8,122.0,1.0,2.0,0.8,1.0
2020-01-03 00:40:00+00:00,1.0,980.0,-0.1,93.0,6.8,114.0,1.0,1.7,0.6,1.0
2020-01-03 00:50:00+00:00,1.1,979.9,0.1,93.0,6.8,135.0,1.0,1.7,0.4,1.1
2020-01-03 01:00:00+00:00,1.2,979.8,0.2,93.0,6.8,147.0,1.0,1.9,0.4,1.2
2020-01-03 01:10:00+00:00,1.4,979.8,0.4,93.0,6.8,132.0,0.0,1.4,0.2,1.4
2020-01-03 01:20:00+00:00,1.4,979.8,0.3,92.0,6.8,124.0,0.0,1.0,0.1,1.4
2020-01-03 01:30:00+00:00,1.5,979.9,0.5,93.0,6.8,156.0,1.0,2.2,0.5,1.5
2020-01-03 01:40:00+00:00,1.7,979.8,0.9,94.0,6.8,150.0,1.0,2.8,1.0,1.4
2020-01-03 01:50:00+00:00,1.6,979.7,0.5,93.0,6.8,128.0,1.0,2.4,0.8,1.6
2020-01-03 02:00:00+00:00,1.5,979.5,0.3,92.0,6.8,124.0,1.0,1.7,0.5,1.5
2020-01-03 02:10:00+00:00,1.4,979.4,0.3,92.0,6.8,127.0,1.0,2.0,0.5,1.4
2020-01-03 02:20:00+00:00,1.3,979.4,0.3,93.0,6.8,125.0,1.0,2.0,0.6,1.3
2020-01-03 02:30:00+00:00,1.3,979.4,0.4,93.0,6.8,111.0,1.0,1.6,0.6,1.3
2020-01-03 02:40:00+00:00,1.3,979.2,0.3,94.0,6.8,114.0,1.0,1.3,0.3,1.3
2020-01-03 02:50:00+00:00,1.2,979.1,0.4,94.0,6.8,132.0,0.0,0.7,0.0,1.2
2020-01-03 03:00:00+00:00,1.3,979.0,0.5,95.0,6.8,157.0,1.0,2.2,0.3,1.3
2020-01-03 03:10:00+00:00,1.4,978.9,0.8,96.0,6.8,145.0,1.0,1.8,0.6,1.4
2020-01-03 03:20:00+00:00,1.4,978.9,0.7,96.0,6.8,124.0,1.0,2.0,0.6,1.4
2020-01-03 03:30:00+00:00,1.3,978.9,0.6,95.0,6.8,116.0,1.0,1.8,0.8,1.3
2020-01-03 03:40:00+00:00,1.2,978.8,0.6,96.0,6.8,121.0,1.0,2.2,1.2,1.2
2020-01-03 03:50:00+00:00,1.1,978.8,0.5,96.0,6.8,113.0,1.0,1.7,0.8,1.1
2020-01-03 04:00:00+00:00,1.1,978.8,0.5,96.0,6.8,122.0,1.0,2.1,0.5,1.1
2020-01-03 04:10:00+00:00,1.0,978.8,0.5,96.0,6.8,120.0,1.0,1.8,0.6,1.0
2020-01-03 04:20:00+00:00,1.0,978.7,0.5,96.0,6.8,125.0,1.0,1.8,0.5,1.0
2020-01-03 04:30:00+00:00,1.0,978.8,0.5,96.0,6.8,138.0,1.0,1.4,0.4,1.0
2020-01-03 04:40:00+00:00,1.0,978.8,0.4,96.0,6.8,105.0,1.0,1.8,0.7,1.0
2020-01-03 04:50:00+00:00,0.9,978.8,0.4,96.0,6.8,105.0,1.0,1.1,0.3,0.9
2020-01-03 05:00:00+00:00,1.0,978.7,0.4,96.0,6.8,104.0,1.0,1.4,0.9,1.0
2020-01-03 05:10:00+00:00,1.0,978.7,0.4,96.0,6.8,115.0,1.0,1.1,0.3,1.0
2020-01-03 05:20:00+00:00,0.9,978.7,0.4,96.0,6.8,105.0,1.0,1.1,0.5,0.9
2020-01-03 05:30:00+00:00,0.9,978.7,0.4,96.0,6.8,109.0,1.0,1.2,0.5,0.9
2020-01-03 05:40:00+00:00,0.8,978.7,0.2,96.0,6.8,92.0,1.0,1.3,0.7,0.8
2020-01-03 05:50:00+00:00,0.9,978.6,0.3,96.0,6.8,101.0,1.0,1.5,0.8,0.9
2020-01-03 06:00:00+00:00,0.9,978.6,0.4,96.0,6.8,110.0,1.0,1.7,0.7,0.9
2020-01-03 06:10:00+00:00,1.0,978.7,0.5,97.0,6.8,110.0,1.0,1.7,0.7,1.0
2020-01-03 06:20:00+00:00,1.1,978.6,0.6,97.0,6.8,112.0,1.0,2.2,1.0,1.1
2020-01-03 06:30:00+00:00,1.1,978.7,0.6,96.0,6.8,109.0,0.0,1.1,0.2,1.1
2020-01-03 06:40:00+00:00,1.1,978.7,0.5,96.0,6.8,110.0,1.0,2.2,0.6,1.1
2020-01-03 06:50:00+00:00,1.1,978.7,0.4,95.0,6.8,119.0,1.0,2.0,0.7,1.1
2020-01-03 07:00:00+00:00,1.0,978.8,0.4,95.0,6.8,110.0,1.0,2.0,0.7,1.0
2020-01-03 07:10:00+00:00,1.0,979.0,0.4,95.0,6.8,118.0,0.0,1.5,0.2,1.0
2020-01-03 07:20:00+00:00,1.0,978.8,0.4,96.0,6.8,114.0,1.0,2.1,0.7,1.0
2020-01-03 07:30:00+00:00,1.0,978.7,0.5,96.0,6.8,131.0,0.0,1.4,0.1,1.0
2020-01-03 07:40:00+00:00,1.0,978.7,0.3,95.0,6.8,103.0,0.0,0.6,0.1,1.0
2020-01-03 07:50:00+00:00,0.9,978.8,0.2,95.0,6.8,85.0,0.0,1.2,0.2,0.9
2020-01-03 08:00:00+00:00,1.0,978.8,0.3,95.0,6.8,111.0,0.0,1.0,0.1,1.0
2020-01-03 08:10:00+00:00,1.1,978.9,0.5,95.0,6.8,98.0,0.0,0.9,0.1,1.1
2020-01-03 08:20:00+00:00,1.3,978.9,0.6,95.0,6.8,89.0,1.0,1.1,0.3,1.3
2020-01-03 08:30:00+00:00,1.4,978.8,0.7,95.0,6.8,97.0,1.0,1.5,0.7,1.4
2020-01-03 08:40:00+00:00,1.6,978.9,0.7,94.0,6.8,100.0,0.0,1.5,0.2,1.6
2020-01-03 08:50:00+00:00,1.7,979.0,0.8,94.0,6.8,105.0,0.0,0.6,0.0,1.7
2020-01-03 09:00:00+00:00,2.1,979.0,1.2,93.0,6.8,97.0,0.0,0.9,0.1,2.1
2020-01-03 09:10:00+00:00,2.3,978.9,1.3,93.0,6.8,121.0,0.0,0.8,0.1,2.3
2020-01-03 09:20:00+00:00,2.5,978.9,1.4,92.0,6.8,110.0,0.0,1.1,0.2,2.5
2020-01-03 09:30:00+00:00,2.6,979.0,1.3,91.0,6.8,122.0,1.0,1.3,0.4,2.6
2020-01-03 09:40:00+00:00,2.6,979.1,1.3,91.0,6.8,130.0,0.0,1.2,0.2,2.6
2020-01-03 09:50:00+00:00,2.8,979.1,1.5,91.0,6.8,0.0,0.0,0.0,0.0,2.8
2020-01-03 10:00:00+00:00,3.2,979.0,1.6,89.0,6.8,0.0,0.0,0.0,0.0,3.2
2020-01-03 10:10:00+00:00,3.6,978.9,1.8,88.0,6.8,41.0,0.0,0.9,0.1,3.6
2020-01-03 10:20:00+00:00,4.2,978.9,2.1,87.0,6.8,21.0,1.0,1.5,0.3,4.2
2020-01-03 10:30:00+00:00,4.6,978.7,2.1,84.0,6.8,139.0,1.0,1.6,0.4,4.6
2020-01-03 10:40:00+00:00,4.5,978.8,2.2,85.0,6.8,168.0,1.0,4.5,1.4,4.2
2020-01-03 10:50:00+00:00,4.5,978.8,1.9,83.0,6.8,29.0,1.0,2.9,1.0,4.5
2020-01-03 11:00:00+00:00,4.6,978.7,2.3,85.0,6.8,162.0,1.0,1.8,0.3,4.6
2020-01-03 11:10:00+00:00,4.8,978.7,2.6,86.0,6.8,171.0,1.0,3.1,1.4,4.4
2020-01-03 11:20:00+00:00,5.2,978.8,2.5,82.0,6.8,57.0,2.0,3.1,1.8,4.6
2020-01-03 11:30:00+00:00,5.7,978.7,2.1,78.0,6.8,201.0,2.0,5.8,2.0,4.2
2020-01-03 11:40:00+00:00,6.0,978.7,1.9,75.0,6.9,222.0,3.0,5.8,3.5,1.8
2020-01-03 11:50:00+00:00,6.1,978.5,1.9,74.0,6.9,188.0,2.0,5.2,2.4,3.6
2020-01-03 12:00:00+00:00,6.5,978.4,2.0,73.0,6.9,150.0,2.0,3.7,1.8,5.4
2020-01-03 12:10:00+00:00,6.5,978.5,2.0,73.0,6.9,189.0,1.0,3.9,1.0,5.9
2020-01-03 12:20:00+00:00,6.5,978.5,2.5,76.0,6.9,167.0,2.0,2.9,1.6,6.2
2020-01-03 12:30:00+00:00,6.3,978.4,2.5,77.0,6.9,1.0,1.0,2.9,1.3,5.7
2020-01-03 12:40:00+00:00,6.7,978.3,2.6,75.0,6.9,104.0,1.0,3.0,0.3,6.6
2020-01-03 12:50:00+00:00,6.9,978.2,2.7,75.0,6.9,154.0,1.0,2.8,0.9,6.7
2020-01-03 13:00:00+00:00,6.5,978.3,3.2,79.0,6.9,163.0,1.0,1.7,0.3,6.5
2020-01-03 13:10:00+00:00,6.5,978.4,3.2,79.0,6.9,86.0,0.0,1.2,0.1,6.5
2020-01-03 13:20:00+00:00,6.8,978.5,2.9,76.0,6.9,165.0,0.0,1.0,0.2,6.8
2020-01-03 13:30:00+00:00,7.0,978.6,2.9,75.0,6.9,169.0,0.0,1.8,0.1,7.0
2020-01-03 13:40:00+00:00,7.1,978.6,2.8,74.0,6.9,36.0,0.0,1.5,0.1,7.1
2020-01-03 13:50:00+00:00,7.2,978.5,3.0,75.0,6.9,50.0,0.0,0.2,0.0,7.2
2020-01-03 14:00:00+00:00,7.2,978.4,2.8,73.0,6.9,47.0,0.0,1.4,0.2,7.2
2020-01-03 14:10:00+00:00,7.3,978.4,3.2,75.0,6.9,166.0,1.0,2.7,0.7,7.2
2020-01-03 14:20:00+00:00,7.0,978.4,4.4,83.0,6.9,164.0,2.0,3.6,2.4,4.9
2020-01-03 14:30:00+00:00,6.7,978.4,4.2,84.0,6.9,158.0,2.0,5.1,3.1,4.2
2020-01-03 14:40:00+00:00,6.7,978.3,4.0,83.0,6.9,162.0,3.0,6.7,3.9,3.4
2020-01-03 14:50:00+00:00,6.7,978.3,4.0,83.0,6.9,158.0,2.0,6.3,3.3,3.5
2020-01-03 15:00:00+00:00,6.7,978.4,3.9,82.0,6.9,161.0,2.0,6.2,3.2,3.2
2020-01-03 15:10:00+00:00,6.8,978.5,4.1,83.0,6.9,168.0,2.0,4.9,2.8,4.1
2020-01-03 15:20:00+00:00,7.0,978.5,3.7,79.0,6.9,177.0,2.0,5.7,3.0,4.4
2020-01-03 15:30:00+00:00,6.8,978.5,4.4,85.0,6.9,164.0,2.0,5.1,2.9,4.1
2020-01-03 15:40:00+00:00,6.7,978.6,4.0,83.0,6.9,159.0,2.0,3.7,2.2,5.3
2020-01-03 15:50:00+00:00,6.7,978.6,4.3,85.0,6.9,154.0,2.0,3.4,1.8,6.0
2020-01-03 16:00:00+00:00,6.6,978.6,4.4,86.0,6.9,152.0,2.0,3.9,1.7,6.1
2020-01-03 16:10:00+00:00,6.4,978.7,4.3,86.0,6.9,151.0,1.0,2.9,1.4,6.3
2020-01-03 16:20:00+00:00,6.4,978.8,4.2,86.0,6.9,146.0,0.0,1.1,0.1,6.4
2020-01-03 16:30:00+00:00,6.5,979.1,4.3,86.0,6.9,312.0,0.0,1.3,0.1,6.5
2020-01-03 16:40:00+00:00,6.6,979.2,4.0,84.0,6.9,285.0,1.0,2.6,0.7,6.5
2020-01-03 16:50:00+00:00,6.9,979.1,4.0,82.0,6.9,230.0,2.0,4.9,2.0,5.4
2020-01-03 17:00:00+00:00,7.0,979.2,4.2,83.0,6.9,51.0,1.0,3.9,1.4,6.8
2020-01-03 17:10:00+00:00,7.2,979.4,4.2,81.0,6.9,169.0,3.0,6.5,3.4,4.6
2020-01-03 17:20:00+00:00,7.4,979.4,4.3,80.0,6.9,152.0,3.0,6.3,3.8,3.6
2020-01-03 17:30:00+00:00,7.4,979.6,4.4,81.0,6.9,199.0,3.0,8.0,3.5,4.2
2020-01-03 17:40:00+00:00,7.6,979.6,4.3,79.0,6.9,209.0,3.0,7.0,4.1,3.3
2020-01-03 17:50:00+00:00,7.6,979.7,4.4,80.0,6.9,213.0,2.0,5.3,3.2,4.5
2020-01-03 18:00:00+00:00,7.4,979.8,4.6,82.0,6.9,297.0,1.0,6.1,1.2,6.4
2020-01-03 18:10:00+00:00,7.2,979.9,4.8,85.0,6.9,26.0,1.0,1.6,0.3,7.2
2020-01-03 18:20:00+00:00,6.9,980.1,4.7,86.0,6.9,30.0,1.0,2.2,1.1,6.9
2020-01-03 18:30:00+00:00,6.8,980.3,4.8,87.0,6.9,9.0,1.0,1.3,0.3,6.8
2020-01-03 18:40:00+00:00,6.7,980.4,4.9,89.0,6.9,98.0,0.0,1.2,0.1,6.7
2020-01-03 18:50:00+00:00,6.6,980.4,5.0,90.0,6.9,95.0,0.0,1.4,0.2,6.6
2020-01-03 19:00:00+00:00,6.5,980.3,5.1,91.0,6.9,107.0,1.0,1.6,0.4,6.5
2020-01-03 19:10:00+00:00,6.8,980.4,5.1,89.0,6.9,109.0,2.0,5.5,2.6,5.1
2020-01-03 19:20:00+00:00,7.0,980.2,5.1,87.0,6.9,58.0,2.0,4.1,2.4,5.2
2020-01-03 19:30:00+00:00,7.1,980.3,5.1,87.0,6.9,48.0,2.0,3.2,2.0,6.1
2020-01-03 19:40:00+00:00,7.2,980.6,5.1,86.0,6.9,57.0,1.0,3.5,1.5,6.8
2020-01-03 19:50:00+00:00,7.3,980.7,5.2,86.0,6.9,72.0,1.0,2.5,1.1,7.2
2020-01-03 20:00:00+00:00,7.0,980.6,5.2,88.0,6.9,125.0,1.0,1.7,0.3,7.0
2020-01-03 20:10:00+00:00,6.7,980.7,5.0,89.0,6.9,118.0,1.0,2.2,0.6,6.7
2020-01-03 20:20:00+00:00,6.6,980.6,5.0,89.0,6.9,115.0,1.0,1.2,0.5,6.6
2020-01-03 20:30:00+00:00,6.6,980.6,4.9,89.0,6.9,113.0,1.0,1.9,0.7,6.6
2020-01-03 20:40:00+00:00,6.6,980.6,4.8,88.0,6.9,123.0,1.0,2.0,0.8,6.6
2020-01-03 20:50:00+00:00,6.6,980.6,4.7,88.0,6.9,124.0,1.0,1.5,0.5,6.6
2020-01-03 21:00:00+00:00,6.6,980.7,5.0,89.0,6.9,162.0,2.0,3.8,1.6,5.8
2020-01-03 21:10:00+00:00,6.8,980.7,5.5,92.0,6.9,156.0,2.0,3.7,2.0,5.8
2020-01-03 21:20:00+00:00,6.7,980.8,5.6,93.0,6.9,153.0,1.0,3.6,1.4,6.0
2020-01-03 21:30:00+00:00,6.6,980.8,5.4,92.0,6.9,135.0,1.0,1.9,0.4,6.6
2020-01-03 21:40:00+00:00,6.5,980.8,5.4,93.0,6.9,158.0,1.0,2.2,0.8,6.5
2020-01-03 21:50:00+00:00,6.5,980.9,5.6,94.0,6.9,157.0,2.0,3.9,2.1,5.5
2020-01-03 22:00:00+00:00,6.3,980.9,5.6,95.0,6.9,155.0,2.0,3.9,1.7,5.7
2020-01-03 22:10:00+00:00,6.2,980.9,5.6,96.0,6.9,147.0,1.0,3.1,1.2,6.1
2020-01-03 22:20:00+00:00,6.1,980.8,5.6,96.0,6.9,131.0,1.0,2.0,0.4,6.1
2020-01-03 22:30:00+00:00,6.2,980.8,5.6,96.0,6.9,157.0,1.0,2.5,0.8,6.1
2020-01-03 22:40:00+00:00,6.3,980.9,5.8,97.0,6.9,143.0,1.0,3.0,0.7,6.3
2020-01-03 22:50:00+00:00,6.2,981.0,5.7,97.0,6.9,125.0,1.0,1.4,0.3,6.2
2020-01-03 23:00:00+00:00,6.3,981.0,5.8,97.0,6.9,132.0,1.0,2.8,0.4,6.2
2020-01-03 23:10:00+00:00,6.3,981.0,5.7,96.0,6.9,117.0,0.0,0.7,0.1,6.3
2020-01-03 23:20:00+00:00,6.3,981.0,5.6,96.0,6.9,122.0,0.0,0.1,0.0,6.3
2020-01-03 23:30:00+00:00,6.4,981.0,5.6,95.0,6.9,155.0,0.0,0.5,0.0,6.4
2020-01-03 23:40:00+00:00,6.4,980.9,5.6,95.0,6.9,121.0,1.0,1.7,0.5,6.4
2020-01-03 23:50:00+00:00,6.4,980.8,5.7,95.0,6.9,106.0,0.0,1.0,0.1,6.4
2020-01-04 00:00:00+00:00,6.5,980.7,5.6,94.0,6.9,137.0,0.0,0.0,0.0,6.5
2020-01-04 00:10:00+00:00,6.6,980.7,5.7,94.0,6.9,163.0,1.0,2.5,0.9,6.4
2020-01-04 00:20:00+00:00,6.7,980.6,6.0,95.0,6.9,161.0,2.0,5.0,2.8,4.7
2020-01-04 00:30:00+00:00,6.6,980.6,6.1,97.0,6.9,158.0,2.0,4.6,2.6,4.7
2020-01-04 00:40:00+00:00,6.6,980.6,6.2,97.0,6.9,161.0,3.0,5.3,3.4,3.8
2020-01-04 00:50:00+00:00,6.7,980.6,6.0,96.0,6.9,160.0,3.0,6.1,3.5,3.2
2020-01-04 01:00:00+00:00,6.8,980.7,6.0,94.0,6.9,157.0,2.0,4.7,2.9,4.3
2020-01-04 01:10:00+00:00,6.7,980.7,5.9,95.0,6.9,150.0,2.0,3.7,1.7,6.3
2020-01-04 01:20:00+00:00,6.6,980.8,5.9,96.0,6.9,147.0,1.0,3.2,1.3,6.5
2020-01-04 01:30:00+00:00,6.6,980.8,5.9,95.0,6.9,138.0,1.0,1.8,0.6,6.6
2020-01-04 01:40:00+00:00,6.6,981.0,5.5,93.0,6.9,152.0,1.0,2.5,0.4,6.6
2020-01-04 01:50:00+00:00,7.0,981.1,5.5,90.0,6.9,169.0,1.0,3.2,1.4,6.7
2020-01-04 02:00:00+00:00,7.4,981.1,5.0,85.0,6.9,113.0,2.0,5.0,2.2,6.2
2020-01-04 02:10:00+00:00,8.1,981.2,4.8,80.0,6.9,132.0,2.0,4.8,2.6,5.9
2020-01-04 02:20:00+00:00,8.3,981.1,4.7,78.0,6.9,127.0,2.0,5.2,3.0,5.3
2020-01-04 02:30:00+00:00,8.4,981.1,4.8,78.0,6.9,127.0,2.0,5.7,2.8,6.0
2020-01-04 02:40:00+00:00,8.4,981.1,5.0,79.0,6.9,125.0,2.0,4.3,2.1,7.1
2020-01-04 02:50:00+00:00,8.4,981.2,4.7,78.0,6.9,108.0,2.0,4.0,2.2,6.9
2020-01-04 03:00:00+00:00,8.4,981.1,4.8,78.0,6.9,74.0,1.0,2.9,1.3,8.1
2020-01-04 03:10:00+00:00,8.3,981.1,4.9,79.0,6.9,67.0,2.0,4.2,2.6,6.2
2020-01-04 03:20:00+00:00,8.3,981.1,4.9,79.0,6.9,49.0,2.0,3.9,2.0,7.3
2020-01-04 03:30:00+00:00,8.3,981.0,4.8,79.0,6.9,28.0,1.0,3.0,1.4,7.9
2020-01-04 03:40:00+00:00,8.3,980.9,4.9,79.0,6.9,1.0,1.0,3.3,0.7,7.9
2020-01-04 03:50:00+00:00,8.1,980.9,4.8,80.0,6.9,150.0,1.0,1.6,0.3,8.1
2020-01-04 04:00:00+00:00,8.0,981.0,4.8,80.0,6.9,116.0,0.0,1.0,0.2,8.0
2020-01-04 04:10:00+00:00,7.9,980.9,4.8,81.0,6.9,151.0,1.0,2.6,0.9,7.7
2020-01-04 04:20:00+00:00,7.9,980.8,5.0,82.0,6.9,38.0,1.0,3.3,0.8,7.8
2020-01-04 04:30:00+00:00,8.1,980.8,4.7,79.0,6.9,102.0,2.0,5.0,2.8,5.8
2020-01-04 04:40:00+00:00,8.2,980.7,4.8,79.0,6.9,173.0,1.0,3.7,1.1,7.7
2020-01-04 04:50:00+00:00,8.0,980.8,5.3,83.0,6.9,165.0,2.0,4.2,1.7,7.2
2020-01-04 05:00:00+00:00,7.6,980.8,5.7,87.0,6.9,156.0,1.0,2.5,1.0,7.6
2020-01-04 05:10:00+00:00,7.4,980.9,5.7,89.0,6.9,167.0,1.0,2.6,0.9,7.3
2020-01-04 05:20:00+00:00,7.5,981.0,5.4,87.0,6.9,62.0,1.0,2.7,1.3,7.2
2020-01-04 05:30:00+00:00,7.9,981.0,4.9,82.0,6.9,114.0,2.0,3.3,2.3,6.3
2020-01-04 05:40:00+00:00,8.2,981.1,4.9,79.0,6.9,131.0,2.0,3.5,2.3,6.7
2020-01-04 05:50:00+00:00,8.4,981.2,4.9,79.0,6.9,153.0,2.0,3.6,2.0,7.5
2020-01-04 06:00:00+00:00,8.3,981.3,5.0,80.0,6.9,160.0,2.0,3.9,2.4,6.7
2020-01-04 06:10:00+00:00,8.3,981.4,5.0,80.0,6.9,172.0,2.0,3.8,2.7,5.7
2020-01-04 06:20:00+00:00,8.4,981.4,4.9,79.0,6.9,153.0,2.0,5.3,2.8,6.2
2020-01-04 06:30:00+00:00,8.5,981.3,4.9,78.0,6.9,162.0,3.0,6.0,3.7,4.6
2020-01-04 06:40:00+00:00,8.5,981.3,4.9,78.0,6.9,171.0,3.0,8.3,4.4,4.3
2020-01-04 06:50:00+00:00,8.4,981.5,5.0,79.0,6.9,179.0,3.0,6.5,3.4,5.2
2020-01-04 07:00:00+00:00,8.4,981.6,5.0,79.0,6.9,167.0,3.0,7.0,3.6,4.3
2020-01-04 07:10:00+00:00,8.4,981.6,5.1,80.0,6.9,100.0,2.0,3.5,2.4,6.4
2020-01-04 07:20:00+00:00,8.3,981.7,5.0,80.0,6.9,117.0,2.0,4.1,2.6,5.9
2020-01-04 07:30:00+00:00,8.4,981.8,5.0,79.0,6.9,77.0,2.0,4.3,1.6,7.9
2020-01-04 07:40:00+00:00,8.3,981.9,5.1,80.0,6.9,77.0,1.0,3.4,1.5,8.0
2020-01-04 07:50:00+00:00,8.3,981.8,5.1,80.0,6.9,142.0,2.0,3.7,1.6,7.7
2020-01-04 08:00:00+00:00,8.3,981.9,5.1,80.0,6.9,186.0,2.0,5.5,3.1,5.3
2020-01-04 08:10:00+00:00,8.3,982.0,5.1,80.0,6.9,243.0,2.0,5.5,2.9,5.8
2020-01-04 08:20:00+00:00,8.2,982.2,5.3,82.0,6.9,228.0,2.0,5.4,3.3,4.7
2020-01-04 08:30:00+00:00,8.1,982.3,5.3,83.0,6.9,170.0,2.0,4.4,2.7,5.6
2020-01-04 08:40:00+00:00,7.9,982.3,5.5,85.0,6.9,176.0,2.0,5.7,2.8,5.6
2020-01-04 08:50:00+00:00,7.8,982.3,5.6,86.0,6.9,155.0,2.0,5.0,2.3,6.3
2020-01-04 09:00:00+00:00,7.7,982.4,5.7,87.0,6.9,194.0,2.0,6.1,2.9,5.4
2020-01-04 09:10:00+00:00,7.6,982.4,5.7,88.0,6.9,192.0,2.0,4.2,2.3,5.9
2020-01-04 09:20:00+00:00,7.5,982.5,5.8,89.0,6.9,174.0,2.0,3.6,2.1,6.5
2020-01-04 09:30:00+00:00,7.6,982.6,5.7,88.0,6.9,225.0,2.0,6.4,3.3,5.0
2020-01-04 09:40:00+00:00,7.7,982.7,5.7,87.0,6.9,270.0,3.0,6.1,3.6,4.2
2020-01-04 09:50:00+00:00,7.6,982.8,5.9,89.0,6.9,282.0,2.0,5.2,2.4,5.6
2020-01-04 10:00:00+00:00,7.5,982.9,6.1,91.0,6.9,322.0,1.0,3.4,1.5,7.1
2020-01-04 10:10:00+00:00,7.4,983.1,6.0,91.0,6.9,311.0,1.0,2.7,1.5,7.3
2020-01-04 10:20:00+00:00,7.3,983.1,6.1,92.0,6.9,298.0,1.0,2.1,1.1,7.3
2020-01-04 10:30:00+00:00,7.1,983.2,6.0,93.0,6.9,286.0,2.0,3.5,2.2,5.9
2020-01-04 10:40:00+00:00,7.0,983.3,6.0,93.0,6.9,295.0,2.0,3.2,1.7,6.7
2020-01-04 10:50:00+00:00,7.0,983.4,5.6,91.0,6.9,299.0,2.0,4.1,2.6,4.9
2020-01-04 11:00:00+00:00,7.1,983.4,5.3,88.0,6.9,292.0,2.0,4.1,2.5,5.2
2020-01-04 11:10:00+00:00,7.2,983.4,5.1,87.0,6.9,295.0,2.0,5.3,2.4,5.6
2020-01-04 11:20:00+00:00,7.2,983.5,4.9,85.0,6.9,296.0,3.0,7.5,3.8,3.7
2020-01-04 11:30:00+00:00,7.2,983.6,4.8,84.0,6.9,293.0,3.0,6.9,4.0,3.6
2020-01-04 11:40:00+00:00,7.1,983.5,4.6,84.0,6.9,289.0,3.0,6.6,4.3,2.9
2020-01-04 11:50:00+00:00,7.2,983.3,4.5,83.0,6.9,292.0,3.0,5.8,3.8,3.0
2020-01-04 12:00:00+00:00,7.1,983.1,4.3,82.0,6.9,298.0,3.0,5.3,3.4,3.8
2020-01-04 12:10:00+00:00,7.0,983.1,4.3,83.0,6.9,300.0,3.0,5.7,3.4,3.8
2020-01-04 12:20:00+00:00,7.0,983.1,4.2,83.0,6.9,306.0,2.0,6.1,3.0,3.9
2020-01-04 12:30:00+00:00,7.0,983.0,4.2,82.0,6.9,300.0,2.0,4.0,2.6,4.6
2020-01-04 12:40:00+00:00,6.8,983.2,3.9,82.0,6.9,296.0,3.0,6.7,4.4,2.4
2020-01-04 12:50:00+00:00,6.6,983.2,3.8,82.0,6.9,285.0,3.0,6.7,4.2,2.1
2020-01-04 13:00:00+00:00,6.5,983.1,3.8,83.0,6.9,282.0,2.0,5.2,3.2,2.8
2020-01-04 13:10:00+00:00,6.5,983.3,3.8,83.0,6.9,303.0,2.0,4.3,2.4,4.6
2020-01-04 13:20:00+00:00,6.4,983.4,3.4,81.0,6.9,302.0,2.0,4.8,3.1,3.1
2020-01-04 13:30:00+00:00,6.4,983.5,3.4,81.0,6.9,295.0,3.0,6.0,3.4,2.6
2020-01-04 13:40:00+00:00,6.3,983.7,3.2,81.0,6.9,291.0,2.0,5.3,2.3,4.6
2020-01-04 13:50:00+00:00,6.3,983.7,3.2,81.0,6.9,289.0,2.0,3.7,2.1,4.7
2020-01-04 14:00:00+00:00,6.2,983.7,3.0,80.0,6.9,300.0,2.0,3.3,1.8,5.4
2020-01-04 14:10:00+00:00,6.1,983.6,2.8,79.0,6.9,298.0,2.0,4.2,2.1,4.6
2020-01-04 14:20:00+00:00,6.1,983.6,2.7,79.0,6.9,298.0,2.0,4.3,2.2,4.3
2020-01-04 14:30:00+00:00,6.0,983.7,2.5,78.0,6.9,307.0,2.0,4.2,2.2,4.4
2020-01-04 14:40:00+00:00,6.0,983.8,2.5,79.0,6.9,308.0,2.0,3.7,2.0,4.7
2020-01-04 14:50:00+00:00,5.9,983.9,2.5,78.0,6.9,309.0,2.0,4.0,2.2,4.1
2020-01-04 15:00:00+00:00,5.9,984.0,2.6,79.0,6.9,298.0,1.0,3.0,1.5,5.7
2020-01-04 15:10:00+00:00,5.9,984.0,2.5,79.0,6.9,309.0,1.0,2.0,0.7,5.9
2020-01-04 15:20:00+00:00,5.8,984.1,2.3,78.0,6.9,286.0,1.0,2.9,1.4,5.7
2020-01-04 15:30:00+00:00,5.9,984.1,2.4,78.0,6.9,283.0,1.0,1.8,1.1,5.9
2020-01-04 15:40:00+00:00,5.9,984.2,2.2,77.0,6.9,284.0,1.0,2.1,1.2,5.9
2020-01-04 15:50:00+00:00,5.9,984.2,2.0,76.0,6.9,271.0,1.0,2.3,1.3,5.9
2020-01-04 16:00:00+00:00,5.9,984.3,2.1,77.0,6.9,265.0,1.0,1.8,1.0,5.9
2020-01-04 16:10:00+00:00,5.8,984.5,1.8,75.0,6.9,271.0,1.0,1.4,0.4,5.8
2020-01-04 16:20:00+00:00,5.7,984.6,1.6,75.0,6.9,273.0,1.0,1.6,0.3,5.7
2020-01-04 16:30:00+00:00,5.7,984.6,1.3,73.0,6.9,277.0,1.0,2.5,1.3,5.6
2020-01-04 16:40:00+00:00,5.7,984.6,1.3,74.0,6.9,283.0,1.0,2.3,1.0,5.6
2020-01-04 16:50:00+00:00,5.7,984.5,1.3,74.0,6.9,241.0,1.0,1.4,0.7,5.7
2020-01-04 17:00:00+00:00,5.6,984.7,1.3,73.0,6.9,212.0,1.0,1.7,0.5,5.6
2020-01-04 17:10:00+00:00,5.7,984.8,1.4,74.0,6.9,218.0,1.0,2.2,1.4,5.7
2020-01-04 17:20:00+00:00,5.7,984.8,1.6,75.0,6.9,212.0,1.0,1.9,1.1,5.7
2020-01-04 17:30:00+00:00,5.7,984.9,1.2,73.0,6.9,254.0,1.0,2.7,1.3,5.6
2020-01-04 17:40:00+00:00,5.7,985.0,1.3,73.0,6.9,274.0,2.0,2.8,1.8,5.2
2020-01-04 17:50:00+00:00,5.7,985.0,1.4,74.0,6.8,274.0,2.0,5.8,2.8,3.9
2020-01-04 18:00:00+00:00,5.7,985.2,1.5,75.0,6.9,280.0,2.0,6.0,2.9,2.2
2020-01-04 18:10:00+00:00,5.6,985.2,1.4,74.0,6.9,268.0,1.0,2.4,0.8,5.6
2020-01-04 18:20:00+00:00,5.6,985.4,1.0,72.0,6.8,148.0,1.0,2.7,0.9,5.5
2020-01-04 18:30:00+00:00,5.5,985.5,1.0,72.0,6.8,229.0,2.0,4.3,2.0,4.3
2020-01-04 18:40:00+00:00,5.5,985.5,1.2,74.0,6.8,273.0,2.0,3.5,2.1,3.5
2020-01-04 18:50:00+00:00,5.5,985.5,1.1,73.0,6.8,272.0,2.0,3.6,2.0,4.1
2020-01-04 19:00:00+00:00,5.4,985.5,1.2,74.0,6.8,264.0,2.0,3.3,1.6,5.0
2020-01-04 19:10:00+00:00,5.3,985.5,1.1,74.0,6.8,244.0,2.0,4.0,1.8,4.6
2020-01-04 19:20:00+00:00,5.3,985.4,1.1,74.0,6.8,273.0,2.0,4.7,2.0,4.3
2020-01-04 19:30:00+00:00,5.2,985.4,1.2,75.0,6.8,270.0,2.0,4.5,2.5,2.6
2020-01-04 19:40:00+00:00,5.1,985.6,1.1,75.0,6.8,278.0,1.0,3.0,1.3,4.7
2020-01-04 19:50:00+00:00,5.1,985.8,0.9,74.0,6.8,292.0,1.0,3.3,1.4,4.9
2020-01-04 20:00:00+00:00,5.0,985.9,0.9,74.0,6.8,283.0,2.0,4.2,1.6,4.3
2020-01-04 20:10:00+00:00,5.0,985.9,0.7,73.0,6.8,269.0,1.0,4.0,1.2,4.7
2020-01-04 20:20:00+00:00,5.0,985.8,1.0,75.0,6.8,279.0,1.0,2.8,1.5,4.8
2020-01-04 20:30:00+00:00,5.0,986.0,0.8,74.0,6.8,300.0,1.0,2.4,0.9,5.0
2020-01-04 20:40:00+00:00,4.9,986.2,0.7,74.0,6.8,310.0,1.0,2.0,0.7,4.9
2020-01-04 20:50:00+00:00,4.9,986.3,0.7,74.0,6.8,304.0,1.0,2.5,1.2,4.8
2020-01-04 21:00:00+00:00,4.9,986.5,0.9,75.0,6.8,300.0,1.0,3.7,1.2,4.8
2020-01-04 21:10:00+00:00,4.9,986.6,0.6,74.0,6.8,304.0,2.0,6.3,2.0,3.6
2020-01-04 21:20:00+00:00,4.9,986.7,0.7,74.0,6.8,308.0,2.0,4.2,2.0,3.7
2020-01-04 21:30:00+00:00,4.9,986.7,0.8,75.0,6.8,304.0,1.0,2.8,1.4,4.6
2020-01-04 21:40:00+00:00,4.8,986.9,0.6,74.0,6.8,312.0,1.0,1.7,0.6,4.8
2020-01-04 21:50:00+00:00,4.8,987.1,0.8,75.0,6.8,281.0,1.0,3.3,1.1,4.6
2020-01-04 22:00:00+00:00,4.8,987.0,0.8,75.0,6.8,299.0,1.0,3.4,1.5,4.5
2020-01-04 22:10:00+00:00,4.7,987.2,0.8,76.0,6.8,296.0,1.0,2.6,0.8,4.6
2020-01-04 22:20:00+00:00,4.6,987.1,0.9,77.0,6.8,288.0,1.0,1.7,1.0,4.6
2020-01-04 22:30:00+00:00,4.6,987.1,0.9,77.0,6.8,315.0,1.0,1.5,0.5,4.6
2020-01-04 22:40:00+00:00,4.5,987.0,0.8,77.0,6.8,292.0,0.0,0.6,0.0,4.5
2020-01-04 22:50:00+00:00,4.4,987.0,0.9,78.0,6.8,307.0,1.0,2.0,0.9,4.4
2020-01-04 23:00:00+00:00,4.4,986.9,0.9,78.0,6.8,238.0,0.0,0.2,0.0,4.4
2020-01-04 23:10:00+00:00,4.3,987.0,0.8,78.0,6.8,0.0,0.0,0.0,0.0,4.3
2020-01-04 23:20:00+00:00,4.2,986.9,0.8,78.0,6.8,0.0,0.0,0.0,0.0,4.2
2020-01-04 23:30:00+00:00,4.2,986.7,1.0,80.0,6.8,74.0,1.0,2.2,0.6,4.1
2020-01-04 23:40:00+00:00,4.3,986.7,1.2,80.0,6.8,171.0,1.0,2.4,1.4,4.2
2020-01-04 23:50:00+00:00,4.4,986.6,0.9,78.0,6.8,188.0,1.0,1.4,0.8,4.4
2020-01-05 00:00:00+00:00,4.5,986.5,0.9,77.0,6.8,162.0,1.0,1.7,1.1,4.5
2020-01-05 00:10:00+00:00,4.5,986.6,0.9,77.0,6.8,178.0,1.0,2.2,1.0,4.5
2020-01-05 00:20:00+00:00,4.4,986.5,0.7,77.0,6.8,92.0,1.0,2.3,1.3,4.4
2020-01-05 00:30:00+00:00,4.4,986.6,0.9,78.0,6.8,104.0,1.0,1.7,0.8,4.4
2020-01-05 00:40:00+00:00,4.4,986.5,0.7,77.0,6.8,213.0,1.0,1.2,0.7,4.4
2020-01-05 00:50:00+00:00,4.4,986.5,0.7,77.0,6.8,257.0,1.0,0.9,0.3,4.4
2020-01-05 01:00:00+00:00,4.3,986.4,0.9,78.0,6.8,188.0,1.0,0.9,0.3,4.3
2020-01-05 01:10:00+00:00,4.2,986.3,0.9,79.0,6.8,182.0,0.0,0.4,0.0,4.2
2020-01-05 01:20:00+00:00,3.7,986.5,0.6,80.0,6.8,38.0,0.0,0.2,0.0,3.7
2020-01-05 01:30:00+00:00,3.3,986.6,0.5,82.0,6.8,39.0,0.0,0.9,0.2,3.3
2020-01-05 01:40:00+00:00,3.0,986.6,0.5,83.0,6.8,47.0,1.0,1.3,0.5,3.0
2020-01-05 01:50:00+00:00,2.8,986.4,0.4,84.0,6.8,46.0,1.0,1.4,0.8,2.8
2020-01-05 02:00:00+00:00,2.6,986.4,0.4,85.0,6.8,53.0,1.0,1.6,1.0,2.6
2020-01-05 02:10:00+00:00,2.4,986.3,0.4,86.0,6.8,49.0,1.0,1.4,0.9,2.4
2020-01-05 02:20:00+00:00,2.4,986.4,0.5,87.0,6.8,45.0,1.0,2.0,1.3,2.4
2020-01-05 02:30:00+00:00,2.5,986.4,0.5,87.0,6.8,34.0,1.0,1.0,0.3,2.5
2020-01-05 02:40:00+00:00,2.5,986.4,0.5,87.0,6.8,31.0,0.0,0.7,0.0,2.5
2020-01-05 02:50:00+00:00,2.5,986.3,0.6,87.0,6.8,0.0,0.0,0.0,0.0,2.5
2020-01-05 03:00:00+00:00,2.5,986.4,0.6,87.0,6.8,60.0,0.0,0.2,0.0,2.5
2020-01-05 03:10:00+00:00,2.5,986.5,0.5,87.0,6.8,66.0,0.0,0.3,0.0,2.5
2020-01-05 03:20:00+00:00,2.5,986.5,0.5,86.0,6.8,69.0,0.0,0.1,0.0,2.5
2020-01-05 03:30:00+00:00,2.4,986.5,0.4,86.0,6.8,0.0,0.0,0.0,0.0,2.4
2020-01-05 03:40:00+00:00,2.4,986.4,0.3,86.0,6.8,0.0,0.0,0.0,0.0,2.4
2020-01-05 03:50:00+00:00,2.3,986.4,0.2,86.0,6.8,25.0,0.0,0.1,0.0,2.3
2020-01-05 04:00:00+00:00,2.2,986.3,0.1,86.0,6.8,25.0,0.0,0.0,0.0,2.2
2020-01-05 04:10:00+00:00,2.0,986.3,0.0,87.0,6.8,0.0,0.0,0.0,0.0,2.0
2020-01-05 04:20:00+00:00,1.8,986.4,-0.1,87.0,6.8,63.0,0.0,0.6,0.1,1.8
2020-01-05 04:30:00+00:00,1.6,986.4,-0.2,88.0,6.8,57.0,0.0,0.8,0.1,1.6
2020-01-05 04:40:00+00:00,1.5,986.3,-0.2,89.0,6.8,56.0,0.0,1.1,0.2,1.5
2020-01-05 04:50:00+00:00,1.3,986.3,-0.2,89.0,6.8,50.0,1.0,1.4,0.9,1.3
2020-01-05 05:00:00+00:00,1.3,986.4,-0.3,89.0,6.8,51.0,1.0,1.3,0.6,1.3
2020-01-05 05:10:00+00:00,1.2,986.4,-0.3,90.0,6.8,43.0,1.0,1.3,0.7,1.2
2020-01-05 05:20:00+00:00,1.1,986.5,-0.4,90.0,6.8,47.0,0.0,0.5,0.0,1.1
2020-01-05 05:30:00+00:00,1.0,986.6,-0.3,91.0,6.8,13.0,0.0,0.7,0.1,1.0
2020-01-05 05:40:00+00:00,0.9,986.5,-0.4,91.0,6.8,25.0,0.0,0.6,0.1,0.9
2020-01-05 05:50:00+00:00,0.9,986.6,-0.5,90.0,6.8,0.0,0.0,0.0,0.0,0.9
2020-01-05 06:00:00+00:00,0.8,986.6,-0.5,91.0,6.8,0.0,0.0,0.0,0.0,0.8
2020-01-05 06:10:00+00:00,0.8,986.7,-0.5,91.0,6.8,0.0,0.0,0.0,0.0,0.8
2020-01-05 06:20:00+00:00,0.8,986.7,-0.5,91.0,6.8,0.0,0.0,0.0,0.0,0.8
2020-01-05 06:30:00+00:00,0.7,986.7,-0.5,92.0,6.8,0.0,0.0,0.0,0.0,0.7
2020-01-05 06:40:00+00:00,0.7,986.6,-0.5,92.0,6.7,0.0,0.0,0.0,0.0,0.7
2020-01-05 06:50:00+00:00,0.6,986.7,-0.6,92.0,6.8,49.0,0.0,0.7,0.0,0.6
2020-01-05 07:00:00+00:00,0.5,986.6,-0.6,92.0,6.8,46.0,0.0,0.5,0.0,0.5
2020-01-05 07:10:00+00:00,0.5,986.6,-0.6,92.0,6.8,0.0,0.0,0.0,0.0,0.5
2020-01-05 07:20:00+00:00,0.5,986.6,-0.7,92.0,6.8,0.0,0.0,0.0,0.0,0.5
2020-01-05 07:30:00+00:00,0.4,986.8,-0.7,93.0,6.7,0.0,0.0,0.0,0.0,0.4
2020-01-05 07:40:00+00:00,0.4,986.9,-0.6,93.0,6.8,0.0,0.0,0.0,0.0,0.4
2020-01-05 07:50:00+00:00,0.4,986.9,-0.5,93.0,6.8,0.0,0.0,0.0,0.0,0.4
2020-01-05 08:00:00+00:00,0.6,986.8,-0.3,93.0,6.8,0.0,0.0,0.0,0.0,0.6
2020-01-05 08:10:00+00:00,1.0,986.8,-0.1,93.0,6.8,0.0,0.0,0.0,0.0,1.0
2020-01-05 08:20:00+00:00,1.2,986.8,0.0,92.0,6.8,350.0,0.0,0.1,0.0,1.2
2020-01-05 08:30:00+00:00,1.5,986.8,0.3,92.0,6.8,0.0,0.0,0.0,0.0,1.5
2020-01-05 08:40:00+00:00,2.0,986.7,0.7,91.0,6.8,295.0,0.0,0.0,0.0,2.0
2020-01-05 08:50:00+00:00,2.6,986.6,0.9,88.0,6.7,0.0,0.0,0.0,0.0,2.6
2020-01-05 09:00:00+00:00,3.1,986.5,1.0,86.0,6.8,20.0,0.0,0.1,0.0,3.1
2020-01-05 09:10:00+00:00,3.4,986.4,1.0,84.0,6.8,293.0,0.0,1.2,0.2,3.4
2020-01-05 09:20:00+00:00,3.4,986.5,1.1,84.0,6.8,278.0,1.0,1.7,1.0,3.4
2020-01-05 09:30:00+00:00,3.4,986.4,1.2,85.0,6.8,280.0,1.0,1.6,1.0,3.4
2020-01-05 09:40:00+00:00,3.5,986.4,1.1,84.0,6.8,280.0,1.0,1.9,1.0,3.5
2020-01-05 09:50:00+00:00,3.6,986.4,1.0,83.0,6.8,275.0,1.0,1.7,1.1,3.6
2020-01-05 10:00:00+00:00,3.7,986.3,1.1,83.0,6.8,279.0,1.0,1.8,1.3,3.7
2020-01-05 10:10:00+00:00,3.8,986.3,1.2,83.0,6.8,278.0,1.0,1.8,1.2,3.8
2020-01-05 10:20:00+00:00,4.0,986.3,1.2,82.0,6.8,280.0,1.0,1.7,1.1,4.0
2020-01-05 10:30:00+00:00,4.2,986.2,1.2,81.0,6.8,255.0,1.0,2.1,1.2,4.2
2020-01-05 10:40:00+00:00,4.3,986.1,1.1,80.0,6.8,219.0,1.0,1.4,0.5,4.3
2020-01-05 10:50:00+00:00,4.5,986.1,1.2,79.0,6.8,119.0,1.0,1.0,0.4,4.5
2020-01-05 11:00:00+00:00,4.8,986.0,1.2,77.0,6.8,93.0,0.0,0.8,0.2,4.8
2020-01-05 11:10:00+00:00,5.3,985.9,1.4,76.0,6.8,40.0,1.0,1.3,0.6,5.3
2020-01-05 11:20:00+00:00,5.6,985.9,1.5,75.0,6.8,154.0,0.0,0.0,0.0,5.6
2020-01-05 11:30:00+00:00,5.7,985.8,1.3,73.0,6.8,160.0,0.0,0.8,0.2,5.7
2020-01-05 11:40:00+00:00,5.5,985.6,1.2,74.0,6.8,157.0,1.0,1.4,0.6,5.5
2020-01-05 11:50:00+00:00,5.7,985.5,1.4,74.0,6.8,39.0,1.0,1.4,0.4,5.7
2020-01-05 12:00:00+00:00,6.2,985.4,1.5,71.0,6.9,175.0,1.0,1.1,0.3,6.2
2020-01-05 12:10:00+00:00,6.5,985.4,1.3,69.0,6.9,34.0,0.0,0.8,0.0,6.5
2020-01-05 12:20:00+00:00,6.5,985.3,1.7,71.0,6.9,155.0,0.0,1.0,0.1,6.5
2020-01-05 12:30:00+00:00,6.6,985.2,1.3,69.0,6.9,78.0,0.0,1.5,0.2,6.6
2020-01-05 12:40:00+00:00,7.0,985.2,1.2,67.0,6.9,339.0,1.0,1.8,0.3,7.0
2020-01-05 12:50:00+00:00,7.3,985.2,1.0,64.0,6.9,1.0,1.0,2.3,0.7,7.3
2020-01-05 13:00:00+00:00,7.7,985.1,1.1,63.0,6.9,13.0,0.0,2.8,0.2,7.6
2020-01-05 13:10:00+00:00,7.7,985.1,1.0,62.0,6.9,334.0,1.0,4.0,1.0,7.4
2020-01-05 13:20:00+00:00,7.7,985.1,1.1,63.0,6.9,335.0,1.0,3.1,0.8,7.6
2020-01-05 13:30:00+00:00,7.8,985.1,1.2,63.0,6.9,328.0,2.0,4.8,1.6,6.8
2020-01-05 13:40:00+00:00,7.8,985.1,1.2,63.0,6.9,331.0,1.0,2.8,0.9,7.7
2020-01-05 13:50:00+00:00,7.8,985.1,1.0,62.0,6.9,8.0,1.0,2.6,0.5,7.8
2020-01-05 14:00:00+00:00,7.9,985.2,0.9,61.0,6.9,58.0,1.0,3.7,1.0,7.6
2020-01-05 14:10:00+00:00,7.8,985.3,0.7,60.0,6.9,349.0,1.0,3.5,1.2,7.2
2020-01-05 14:20:00+00:00,7.8,985.3,0.7,61.0,6.9,354.0,1.0,3.2,0.8,7.7
2020-01-05 14:30:00+00:00,7.9,985.2,0.7,60.0,6.9,7.0,1.0,1.8,0.3,7.9
2020-01-05 14:40:00+00:00,7.9,985.2,0.6,60.0,6.9,3.0,1.0,3.1,0.9,7.7
2020-01-05 14:50:00+00:00,7.7,985.3,0.5,60.0,6.9,21.0,2.0,4.2,1.6,6.6
2020-01-05 15:00:00+00:00,7.5,985.4,0.5,61.0,6.9,30.0,1.0,3.9,1.3,7.1
2020-01-05 15:10:00+00:00,7.5,985.4,0.4,61.0,6.9,21.0,1.0,3.1,0.9,7.4
2020-01-05 15:20:00+00:00,7.4,985.5,0.5,62.0,6.9,23.0,1.0,1.9,0.4,7.4
2020-01-05 15:30:00+00:00,7.0,985.4,0.4,63.0,6.9,45.0,1.0,4.1,1.0,6.7
2020-01-05 15:40:00+00:00,6.6,985.4,0.4,64.0,6.9,47.0,1.0,1.9,0.4,6.6
2020-01-05 15:50:00+00:00,6.3,985.4,0.4,66.0,6.9,11.0,1.0,1.7,0.4,6.3
2020-01-05 16:00:00+00:00,6.0,985.4,0.4,67.0,6.9,7.0,0.0,1.2,0.2,6.0
2020-01-05 16:10:00+00:00,5.7,985.3,0.4,68.0,6.8,17.0,1.0,1.9,0.6,5.7
2020-01-05 16:20:00+00:00,5.4,985.3,0.3,69.0,6.8,15.0,1.0,2.8,1.0,5.4
2020-01-05 16:30:00+00:00,5.2,985.3,0.3,71.0,6.8,20.0,1.0,2.0,0.8,5.2
2020-01-05 16:40:00+00:00,5.0,985.2,0.3,72.0,6.8,35.0,1.0,1.2,0.3,5.0
2020-01-05 16:50:00+00:00,4.8,985.2,0.3,73.0,6.8,18.0,0.0,1.3,0.2,4.8
2020-01-05 17:00:00+00:00,4.6,985.3,0.3,73.0,6.8,24.0,1.0,2.0,1.1,4.6
2020-01-05 17:10:00+00:00,4.5,985.3,0.3,74.0,6.8,20.0,1.0,1.5,0.7,4.5
2020-01-05 17:20:00+00:00,4.4,985.2,0.3,75.0,6.8,20.0,1.0,1.7,0.9,4.4
2020-01-05 17:30:00+00:00,4.2,985.2,0.3,75.0,6.8,28.0,1.0,2.3,1.2,4.2
2020-01-05 17:40:00+00:00,4.2,985.1,0.4,76.0,6.8,27.0,1.0,2.9,1.4,3.9
2020-01-05 17:50:00+00:00,4.1,985.1,0.4,77.0,6.8,30.0,1.0,2.2,0.9,4.1
2020-01-05 18:00:00+00:00,4.0,985.0,0.4,77.0,6.8,35.0,1.0,1.3,0.3,4.0
2020-01-05 18:10:00+00:00,3.9,985.0,0.4,78.0,6.8,51.0,0.0,1.1,0.0,3.9
2020-01-05 18:20:00+00:00,3.8,985.0,0.4,79.0,6.8,0.0,0.0,0.0,0.0,3.8
2020-01-05 18:30:00+00:00,3.6,985.0,0.4,79.0,6.8,0.0,0.0,0.0,0.0,3.6
2020-01-05 18:40:00+00:00,3.4,985.0,0.3,80.0,6.8,0.0,0.0,0.0,0.0,3.4
2020-01-05 18:50:00+00:00,3.1,984.9,0.3,81.0,6.8,0.0,0.0,0.0,0.0,3.1
2020-01-05 19:00:00+00:00,2.9,984.8,0.3,83.0,6.8,3.0,0.0,0.1,0.0,2.9
2020-01-05 19:10:00+00:00,2.8,984.7,0.3,83.0,6.8,9.0,0.0,0.9,0.2,2.8
2020-01-05 19:20:00+00:00,2.7,984.7,0.3,84.0,6.8,24.0,0.0,0.8,0.2,2.7
2020-01-05 19:30:00+00:00,2.6,984.7,0.3,85.0,6.8,0.0,0.0,0.0,0.0,2.6
2020-01-05 19:40:00+00:00,2.5,984.6,0.3,85.0,6.8,0.0,0.0,0.0,0.0,2.5
2020-01-05 19:50:00+00:00,2.5,984.6,0.4,86.0,6.8,0.0,0.0,0.0,0.0,2.5
2020-01-05 20:00:00+00:00,2.3,984.6,0.2,86.0,6.8,0.0,0.0,0.0,0.0,2.3
2020-01-05 20:10:00+00:00,2.2,984.6,0.2,86.0,6.8,0.0,0.0,0.0,0.0,2.2
2020-01-05 20:20:00+00:00,2.0,984.6,0.1,87.0,6.8,0.0,0.0,0.0,0.0,2.0
2020-01-05 20:30:00+00:00,1.9,984.5,0.0,87.0,6.8,0.0,0.0,0.0,0.0,1.9
2020-01-05 20:40:00+00:00,1.8,984.3,0.0,88.0,6.7,0.0,0.0,0.0,0.0,1.8
2020-01-05 20:50:00+00:00,1.7,984.2,0.0,88.0,6.7,0.0,0.0,0.0,0.0,1.7
2020-01-05 21:00:00+00:00,1.6,984.2,-0.1,89.0,6.7,0.0,0.0,0.0,0.0,1.6
2020-01-05 21:10:00+00:00,1.5,984.2,-0.2,89.0,6.7,0.0,0.0,0.0,0.0,1.5
2020-01-05 21:20:00+00:00,1.4,984.1,-0.2,89.0,6.7,0.0,0.0,0.0,0.0,1.4
2020-01-05 21:30:00+00:00,1.3,984.1,-0.3,89.0,6.7,0.0,0.0,0.0,0.0,1.3
2020-01-05 21:40:00+00:00,1.2,984.1,-0.3,90.0,6.7,0.0,0.0,0.0,0.0,1.2
2020-01-05 21:50:00+00:00,1.2,984.0,-0.2,91.0,6.7,0.0,0.0,0.0,0.0,1.2
2020-01-05 22:00:00+00:00,1.1,984.0,-0.2,91.0,6.7,0.0,0.0,0.0,0.0,1.1
2020-01-05 22:10:00+00:00,1.0,983.9,-0.2,91.0,6.7,0.0,0.0,0.0,0.0,1.0
2020-01-05 22:20:00+00:00,1.0,983.8,-0.2,92.0,6.7,0.0,0.0,0.0,0.0,1.0
2020-01-05 22:30:00+00:00,0.9,983.7,-0.2,92.0,6.7,0.0,0.0,0.0,0.0,0.9
2020-01-05 22:40:00+00:00,0.9,983.6,-0.3,92.0,6.7,0.0,0.0,0.0,0.0,0.9
2020-01-05 22:50:00+00:00,0.8,983.4,-0.3,92.0,6.7,0.0,0.0,0.0,0.0,0.8
2020-01-05 23:00:00+00:00,0.7,983.4,-0.4,92.0,6.7,0.0,0.0,0.0,0.0,0.7
2020-01-05 23:10:00+00:00,0.6,983.4,-0.5,92.0,6.7,0.0,0.0,0.0,0.0,0.6
2020-01-05 23:20:00+00:00,0.6,983.3,-0.5,92.0,6.7,0.0,0.0,0.0,0.0,0.6
2020-01-05 23:30:00+00:00,0.5,983.2,-0.6,93.0,6.7,0.0,0.0,0.0,0.0,0.5
2020-01-05 23:40:00+00:00,0.4,983.1,-0.6,93.0,6.7,0.0,0.0,0.0,0.0,0.4
2020-01-05 23:50:00+00:00,0.3,983.1,-0.7,93.0,6.7,0.0,0.0,0.0,0.0,0.3
2020-01-06 00:00:00+00:00,0.3,983.0,-0.7,93.0,6.7,0.0,0.0,0.0,0.0,0.3
2020-01-06 00:10:00+00:00,0.2,982.9,-0.8,93.0,6.7,51.0,0.0,0.0,0.0,0.2
2020-01-06 00:20:00+00:00,0.2,982.9,-0.8,93.0,6.7,0.0,0.0,0.0,0.0,0.2
2020-01-06 00:30:00+00:00,0.2,982.8,-0.7,94.0,6.7,0.0,0.0,0.0,0.0,0.2
2020-01-06 00:40:00+00:00,0.1,982.7,-0.8,94.0,6.7,0.0,0.0,0.0,0.0,0.1
2020-01-06 00:50:00+00:00,0.0,982.6,-0.9,94.0,6.7,0.0,0.0,0.0,0.0,0.0
2020-01-06 01:00:00+00:00,0.0,982.6,-0.9,94.0,6.7,0.0,0.0,0.0,0.0,0.0
2020-01-06 01:10:00+00:00,0.0,982.6,-0.9,94.0,6.7,0.0,0.0,0.0,0.0,0.0
2020-01-06 01:20:00+00:00,0.0,982.5,-0.8,94.0,6.7,0.0,0.0,0.0,0.0,0.0
2020-01-06 01:30:00+00:00,-0.1,982.5,-0.9,94.0,6.7,0.0,0.0,0.0,0.0,-0.1
2020-01-06 01:40:00+00:00,-0.2,982.4,-1.0,94.0,6.7,0.0,0.0,0.0,0.0,-0.2
2020-01-06 01:50:00+00:00,-0.3,982.4,-1.1,94.0,6.7,0.0,0.0,0.0,0.0,-0.3
2020-01-06 02:00:00+00:00,-0.3,982.3,-1.1,94.0,6.7,0.0,0.0,0.0,0.0,-0.3
2020-01-06 02:10:00+00:00,-0.4,982.3,-1.2,94.0,6.7,0.0,0.0,0.0,0.0,-0.4
2020-01-06 02:20:00+00:00,-0.4,982.2,-1.2,95.0,6.7,0.0,0.0,0.0,0.0,-0.4
2020-01-06 02:30:00+00:00,-0.5,982.2,-1.2,95.0,6.7,0.0,0.0,0.0,0.0,-0.5
2020-01-06 02:40:00+00:00,-0.5,982.2,-1.3,95.0,6.7,0.0,0.0,0.0,0.0,-0.5
2020-01-06 02:50:00+00:00,-0.5,982.2,-1.3,95.0,6.7,0.0,0.0,0.0,0.0,-0.5
2020-01-06 03:00:00+00:00,-0.6,982.2,-1.3,95.0,6.7,0.0,0.0,0.0,0.0,-0.6
2020-01-06 03:10:00+00:00,-0.6,982.2,-1.4,94.0,6.7,0.0,0.0,0.0,0.0,-0.6
2020-01-06 03:20:00+00:00,-0.5,982.1,-1.3,95.0,6.7,324.0,0.0,0.1,0.0,-0.5
2020-01-06 03:30:00+00:00,-0.1,982.1,-0.5,97.0,6.7,305.0,1.0,1.4,0.3,-0.1
2020-01-06 03:40:00+00:00,0.1,982.0,-0.3,97.0,6.7,334.0,0.0,0.7,0.0,0.1
2020-01-06 03:50:00+00:00,0.0,982.0,-0.3,98.0,6.7,10.0,0.0,0.1,0.0,0.0
2020-01-06 04:00:00+00:00,0.0,982.0,-0.3,98.0,6.7,0.0,0.0,0.0,0.0,0.0
2020-01-06 04:10:00+00:00,0.0,982.0,-0.3,98.0,6.7,0.0,0.0,0.0,0.0,0.0
2020-01-06 04:20:00+00:00,0.0,982.1,-0.2,98.0,6.7,0.0,0.0,0.0,0.0,0.0
2020-01-06 04:30:00+00:00,0.0,982.1,-0.2,98.0,6.7,52.0,0.0,0.0,0.0,0.0
2020-01-06 04:40:00+00:00,-0.1,982.1,-0.3,98.0,6.7,50.0,0.0,1.2,0.1,-0.1
2020-01-06 04:50:00+00:00,-0.1,982.2,-0.4,98.0,6.7,58.0,0.0,1.3,0.1,-0.1
2020-01-06 05:00:00+00:00,-0.2,982.2,-0.4,98.0,6.7,60.0,1.0,1.4,0.5,-0.2
2020-01-06 05:10:00+00:00,-0.2,982.2,-0.4,98.0,6.7,59.0,0.0,1.1,0.2,-0.2
2020-01-06 05:20:00+00:00,-0.2,982.2,-0.4,99.0,6.7,64.0,0.0,1.2,0.2,-0.2
2020-01-06 05:30:00+00:00,-0.1,982.2,-0.3,99.0,6.7,0.0,0.0,0.0,0.0,-0.1
2020-01-06 05:40:00+00:00,0.0,982.3,-0.2,99.0,6.7,0.0,0.0,0.0,0.0,0.0
2020-01-06 05:50:00+00:00,0.1,982.3,0.0,99.0,6.7,131.0,0.0,1.2,0.2,0.1
2020-01-06 06:00:00+00:00,0.2,982.3,0.0,99.0,6.7,140.0,0.0,1.4,0.2,0.2
2020-01-06 06:10:00+00:00,0.1,982.3,0.0,99.0,6.7,0.0,0.0,0.0,0.0,0.1
2020-01-06 06:20:00+00:00,0.1,982.3,-0.1,99.0,6.7,0.0,0.0,0.0,0.0,0.1
2020-01-06 06:30:00+00:00,0.2,982.2,0.0,99.0,6.7,0.0,0.0,0.0,0.0,0.2
2020-01-06 06:40:00+00:00,0.3,982.3,0.1,99.0,6.7,0.0,0.0,0.0,0.0,0.3
2020-01-06 06:50:00+00:00,0.3,982.2,0.1,99.0,6.7,299.0,0.0,0.4,0.0,0.3
2020-01-06 07:00:00+00:00,0.3,982.2,0.1,98.0,6.7,0.0,0.0,0.0,0.0,0.3
2020-01-06 07:10:00+00:00,0.3,982.4,0.1,99.0,6.7,6.0,0.0,0.4,0.0,0.3
2020-01-06 07:20:00+00:00,0.3,982.4,0.1,98.0,6.7,111.0,1.0,1.7,0.3,0.3
2020-01-06 07:30:00+00:00,0.2,982.4,-0.2,98.0,6.7,99.0,1.0,1.9,0.9,0.2
2020-01-06 07:40:00+00:00,0.0,982.4,-0.4,97.0,6.7,96.0,1.0,2.2,1.4,0.0
2020-01-06 07:50:00+00:00,0.0,982.3,-0.4,97.0,6.7,92.0,1.0,1.6,0.5,0.0
2020-01-06 08:00:00+00:00,0.1,982.3,-0.2,98.0,6.7,162.0,0.0,1.0,0.1,0.1
2020-01-06 08:10:00+00:00,0.2,982.3,0.0,98.0,6.7,174.0,0.0,0.9,0.1,0.2
2020-01-06 08:20:00+00:00,0.3,982.3,0.0,98.0,6.7,123.0,0.0,0.8,0.1,0.3
2020-01-06 08:30:00+00:00,0.2,982.2,0.1,99.0,6.7,130.0,0.0,0.7,0.0,0.2
2020-01-06 08:40:00+00:00,0.3,982.2,0.2,99.0,6.7,0.0,0.0,0.0,0.0,0.3
2020-01-06 08:50:00+00:00,0.4,982.2,0.2,99.0,6.7,0.0,0.0,0.0,0.0,0.4
2020-01-06 09:00:00+00:00,0.5,982.2,0.3,99.0,6.7,0.0,0.0,0.0,0.0,0.5
2020-01-06 09:10:00+00:00,0.5,982.1,0.4,99.0,6.7,0.0,0.0,0.0,0.0,0.5
2020-01-06 09:20:00+00:00,0.6,982.1,0.5,99.0,6.7,104.0,0.0,0.6,0.0,0.6
2020-01-06 09:30:00+00:00,0.8,982.0,0.6,99.0,6.7,0.0,0.0,0.0,0.0,0.8
2020-01-06 09:40:00+00:00,0.9,982.0,0.6,98.0,6.7,0.0,0.0,0.0,0.0,0.9
2020-01-06 09:50:00+00:00,1.0,982.0,0.7,98.0,6.7,0.0,0.0,0.0,0.0,1.0
2020-01-06 10:00:00+00:00,1.0,982.0,0.7,97.0,6.7,156.0,0.0,0.9,0.1,1.0
2020-01-06 10:10:00+00:00,1.2,981.9,0.6,96.0,6.7,90.0,1.0,1.7,0.7,1.2
2020-01-06 10:20:00+00:00,1.2,981.8,0.6,96.0,6.7,116.0,1.0,1.4,0.4,1.2
2020-01-06 10:30:00+00:00,1.3,981.8,0.6,95.0,6.7,44.0,0.0,0.2,0.0,1.3
2020-01-06 10:40:00+00:00,1.5,981.6,0.7,94.0,6.7,41.0,0.0,0.0,0.0,1.5
2020-01-06 10:50:00+00:00,1.9,981.3,0.8,92.0,6.7,8.0,1.0,1.5,0.3,1.9
2020-01-06 11:00:00+00:00,2.3,981.2,0.8,90.0,6.7,23.0,0.0,0.8,0.1,2.3
2020-01-06 11:10:00+00:00,2.6,981.1,0.8,88.0,6.7,0.0,0.0,0.0,0.0,2.6
2020-01-06 11:20:00+00:00,2.7,981.0,0.8,87.0,6.8,0.0,0.0,0.0,0.0,2.7
2020-01-06 11:30:00+00:00,2.9,980.8,0.8,86.0,6.8,0.0,0.0,0.0,0.0,2.9
2020-01-06 11:40:00+00:00,3.0,980.7,0.8,86.0,6.8,0.0,0.0,0.0,0.0,3.0
2020-01-06 11:50:00+00:00,3.1,980.5,0.7,85.0,6.8,0.0,0.0,0.0,0.0,3.1
2020-01-06 12:00:00+00:00,3.4,980.3,1.0,84.0,6.8,0.0,0.0,0.0,0.0,3.4
2020-01-06 12:10:00+00:00,3.3,980.2,0.8,84.0,6.8,0.0,0.0,0.0,0.0,3.3
2020-01-06 12:20:00+00:00,3.0,980.3,1.0,86.0,6.8,231.0,0.0,0.6,0.0,3.0
2020-01-06 12:30:00+00:00,2.9,980.1,1.0,87.0,6.8,0.0,0.0,0.0,0.0,2.9
2020-01-06 12:40:00+00:00,3.3,980.0,1.2,86.0,6.8,70.0,0.0,0.0,0.0,3.3
