timestamp_cet,air_temperature,barometric_pressure_qfe,dew_point,global_radiation,humidity,precipitation,water_temperature,wind_direction,wind_force_avg_10min,wind_gust_max_10min,wind_speed_avg_10min,windchill
2019-12-31 18:20:00+00:00,1.5,984.5,0.6,0.0,94.0,0.0,6.8,119.0,1.0,1.9,1.4,1.5
2019-12-31 18:30:00+00:00,1.3,984.6,0.4,0.0,94.0,0.0,6.8,216.0,1.0,2.3,1.3,1.3
2019-12-31 18:40:00+00:00,1.3,984.8,0.5,0.0,94.0,0.0,6.8,258.0,2.0,2.6,1.8,0.9
2019-12-31 18:50:00+00:00,1.0,984.8,0.3,0.0,95.0,0.0,6.8,190.0,1.0,2.5,1.5,0.9
2019-12-31 19:00:00+00:00,0.9,984.8,0.3,0.0,96.0,0.0,6.8,207.0,2.0,2.5,1.7,0.5
2019-12-31 19:10:00+00:00,0.9,984.8,0.4,0.0,96.0,0.0,6.8,148.0,1.0,2.1,1.3,0.9
2019-12-31 19:20:00+00:00,1.0,984.8,0.5,0.0,96.0,0.0,6.8,187.0,2.0,2.5,1.7,0.8
2019-12-31 19:30:00+00:00,1.1,984.8,0.6,0.0,97.0,0.0,6.8,113.0,2.0,2.8,1.8,0.9
2019-12-31 19:40:00+00:00,1.1,984.7,0.7,0.0,97.0,0.0,6.8,101.0,2.0,2.7,1.7,0.9
2019-12-31 19:50:00+00:00,1.1,984.7,0.6,0.0,97.0,0.0,6.8,150.0,2.0,2.6,1.8,0.4
2019-12-31 20:00:00+00:00,1.0,984.8,0.6,0.0,97.0,0.0,6.8,142.0,2.0,2.4,1.7,0.9
2019-12-31 20:10:00+00:00,1.0,984.9,0.5,0.0,97.0,0.0,6.8,219.0,1.0,1.9,0.8,1.0
2019-12-31 20:20:00+00:00,1.0,984.9,0.6,0.0,97.0,0.0,6.8,112.0,1.0,2.1,1.1,1.0
2019-12-31 20:30:00+00:00,1.1,984.8,0.7,0.0,97.0,0.0,6.8,70.0,2.0,2.5,2.0,0.8
2019-12-31 20:40:00+00:00,1.1,984.8,0.7,0.0,97.0,0.0,6.7,182.0,1.0,2.2,1.5,1.1
2019-12-31 20:50:00+00:00,1.1,984.8,0.7,0.0,97.0,0.0,6.7,146.0,1.0,2.0,1.4,1.1
2019-12-31 21:00:00+00:00,1.1,984.8,0.7,0.0,97.0,0.0,6.7,163.0,1.0,3.0,1.0,1.0
2019-12-31 21:10:00+00:00,0.8,985.0,0.4,0.0,97.0,0.0,6.7,82.0,2.0,4.2,3.2,-3.1
2019-12-31 21:20:00+00:00,0.5,985.0,0.2,0.0,98.0,0.0,6.7,62.0,2.0,3.5,2.8,-3.3
2019-12-31 21:30:00+00:00,0.5,985.0,0.2,0.0,98.0,0.0,6.7,53.0,3.0,4.6,3.7,-3.9
2019-12-31 21:40:00+00:00,0.4,985.0,0.1,0.0,98.0,0.0,6.7,47.0,2.0,4.2,3.0,-3.9
2019-12-31 21:50:00+00:00,0.2,985.1,0.0,0.0,99.0,0.0,6.7,49.0,2.0,3.8,2.9,-3.8
2019-12-31 22:00:00+00:00,0.0,985.0,-0.2,0.0,98.0,0.0,6.7,44.0,2.0,3.3,2.4,-3.1
2019-12-31 22:10:00+00:00,0.1,985.1,-0.1,0.0,99.0,0.0,6.7,46.0,2.0,3.1,2.4,-2.9
2019-12-31 22:20:00+00:00,0.2,985.1,0.0,0.0,99.0,0.0,6.7,50.0,2.0,3.1,2.2,-1.8
2019-12-31 22:30:00+00:00,0.2,985.1,0.0,0.0,98.0,0.0,6.7,29.0,2.0,2.8,1.8,-0.2
2019-12-31 22:40:00+00:00,0.2,985.0,-0.1,0.0,98.0,0.0,6.8,39.0,2.0,3.2,2.2,-1.4
2019-12-31 22:50:00+00:00,0.2,984.9,-0.1,0.0,98.0,0.0,6.8,14.0,2.0,2.7,1.7,-0.2
2019-12-31 23:00:00+00:00,0.1,984.9,-0.2,0.0,98.0,0.0,6.8,352.0,1.0,2.5,1.3,0.0
2019-12-31 23:10:00+00:00,0.1,984.8,-0.3,0.0,97.0,0.0,6.8,3.0,1.0,2.7,1.2,-0.1
2019-12-31 23:20:00+00:00,0.1,984.7,-0.4,0.0,97.0,0.0,6.8,4.0,1.0,3.1,1.1,-0.4
2019-12-31 23:30:00+00:00,0.0,984.6,-0.4,0.0,97.0,0.0,6.9,7.0,1.0,2.2,1.5,0.0
2019-12-31 23:40:00+00:00,-0.1,984.5,-0.5,0.0,97.0,0.0,6.8,345.0,1.0,3.1,1.5,-1.3
2019-12-31 23:50:00+00:00,-0.2,984.5,-0.6,0.0,97.0,0.0,6.8,356.0,2.0,3.8,1.9,-1.8
2020-01-01 00:00:00+00:00,-0.2,984.6,-0.5,0.0,98.0,0.0,6.8,7.0,2.0,3.8,2.2,-2.7
2020-01-01 00:10:00+00:00,-0.3,984.4,-0.8,0.0,97.0,0.0,6.8,29.0,2.0,3.1,1.6,-0.9
2020-01-01 00:20:00+00:00,-0.4,984.1,-0.9,0.0,97.0,0.0,6.8,52.0,1.0,2.0,1.2,-0.4
2020-01-01 00:30:00+00:00,-0.4,984.1,-0.9,0.0,96.0,0.0,6.8,31.0,1.0,3.1,1.5,-0.9
2020-01-01 00:40:00+00:00,-0.3,984.2,-0.8,0.0,97.0,0.0,6.8,11.0,2.0,3.1,1.7,-1.3
2020-01-01 00:50:00+00:00,-0.3,984.0,-0.8,0.0,96.0,0.0,6.8,12.0,2.0,3.3,1.7,-0.9
2020-01-01 01:00:00+00:00,-0.3,984.0,-0.9,0.0,96.0,0.0,6.8,326.0,2.0,2.5,1.6,-0.6
2020-01-01 01:10:00+00:00,-0.3,983.9,-0.9,0.0,96.0,0.0,6.8,28.0,2.0,2.7,1.7,-0.9
2020-01-01 01:20:00+00:00,-0.3,983.8,-0.8,0.0,96.0,0.0,6.8,40.0,2.0,2.6,1.9,-1.2
2020-01-01 01:30:00+00:00,-0.3,983.8,-0.9,0.0,96.0,0.0,6.8,1.0,1.0,2.7,1.2,-0.4
2020-01-01 01:40:00+00:00,-0.3,983.8,-0.9,0.0,96.0,0.0,6.8,343.0,1.0,2.1,1.3,-0.3
2020-01-01 01:50:00+00:00,-0.3,983.9,-0.9,0.0,96.0,0.0,6.8,354.0,2.0,3.0,1.8,-1.3
2020-01-01 02:00:00+00:00,-0.4,983.8,-0.9,0.0,96.0,0.0,6.8,38.0,2.0,3.6,2.5,-3.4
2020-01-01 02:10:00+00:00,-0.7,983.6,-1.2,0.0,96.0,0.0,6.8,56.0,2.0,3.4,2.6,-4.5
2020-01-01 02:20:00+00:00,-0.8,983.5,-1.2,0.0,97.0,0.0,6.8,56.0,2.0,3.0,2.3,-3.3
2020-01-01 02:30:00+00:00,-0.7,983.4,-1.1,0.0,97.0,0.0,6.8,13.0,2.0,3.0,1.7,-1.3
2020-01-01 02:40:00+00:00,-0.7,983.4,-1.1,0.0,97.0,0.0,6.8,25.0,2.0,3.0,1.9,-1.4
2020-01-01 02:50:00+00:00,-0.6,983.4,-1.0,0.0,97.0,0.0,6.8,26.0,2.0,3.1,2.4,-3.8
2020-01-01 03:00:00+00:00,-0.6,983.4,-1.0,0.0,97.0,0.0,6.8,28.0,2.0,3.6,2.5,-4.2
2020-01-01 03:10:00+00:00,-0.7,983.4,-1.0,0.0,98.0,0.0,6.8,34.0,2.0,3.7,2.8,-4.7
2020-01-01 03:20:00+00:00,-0.7,983.5,-0.9,0.0,98.0,0.0,6.8,40.0,2.0,3.2,2.7,-4.7
2020-01-01 03:30:00+00:00,-0.9,983.5,-1.1,0.0,98.0,0.0,6.8,36.0,2.0,3.1,2.4,-3.7
2020-01-01 03:40:00+00:00,-0.9,983.5,-1.2,0.0,98.0,0.0,6.8,45.0,2.0,3.3,2.4,-3.9
2020-01-01 03:50:00+00:00,-0.9,983.5,-1.1,0.0,99.0,0.0,6.8,34.0,2.0,3.3,2.1,-2.5
2020-01-01 04:00:00+00:00,-0.8,983.6,-1.0,0.0,99.0,0.0,6.7,28.0,2.0,3.6,2.3,-3.0
2020-01-01 04:10:00+00:00,-1.0,983.7,-1.2,0.0,99.0,0.0,6.7,47.0,2.0,3.6,2.5,-4.3
2020-01-01 04:20:00+00:00,-1.0,983.5,-1.2,0.0,99.0,0.0,6.7,50.0,2.0,3.1,2.1,-2.9
2020-01-01 04:30:00+00:00,-1.0,983.5,-1.2,0.0,98.0,0.0,6.7,59.0,2.0,2.9,2.1,-2.8
2020-01-01 04:40:00+00:00,-1.1,983.5,-1.2,0.0,99.0,0.0,6.7,57.0,2.0,3.0,2.1,-2.2
2020-01-01 04:50:00+00:00,-0.9,983.4,-1.1,0.0,99.0,0.0,6.7,49.0,2.0,2.6,1.7,-1.1
2020-01-01 05:00:00+00:00,-0.8,983.3,-1.1,0.0,98.0,0.0,6.7,22.0,2.0,2.4,1.6,-1.0
2020-01-01 05:10:00+00:00,-0.8,983.3,-1.0,0.0,98.0,0.0,6.7,34.0,2.0,3.1,2.1,-2.2
2020-01-01 05:20:00+00:00,-0.8,983.3,-1.1,0.0,98.0,0.0,6.7,344.0,1.0,2.5,1.0,-0.8
2020-01-01 05:30:00+00:00,-0.8,983.3,-1.2,0.0,97.0,0.0,6.7,291.0,1.0,1.8,0.9,-0.8
2020-01-01 05:40:00+00:00,-0.8,983.3,-1.1,0.0,98.0,0.0,6.7,8.0,2.0,2.3,1.7,-0.9
2020-01-01 05:50:00+00:00,-0.7,983.3,-1.1,0.0,97.0,0.0,6.7,34.0,2.0,3.2,2.4,-3.6
2020-01-01 06:00:00+00:00,-0.8,983.4,-1.1,0.0,98.0,0.0,6.7,31.0,2.0,3.3,2.5,-4.0
2020-01-01 06:10:00+00:00,-0.9,983.4,-1.2,0.0,98.0,0.0,6.7,29.0,2.0,3.8,2.5,-3.5
2020-01-01 06:20:00+00:00,-0.9,983.4,-1.2,0.0,98.0,0.0,6.7,24.0,2.0,4.1,2.5,-3.6
2020-01-01 06:30:00+00:00,-1.0,983.4,-1.3,0.0,98.0,0.0,6.7,29.0,2.0,2.9,1.6,-1.8
2020-01-01 06:40:00+00:00,-1.0,983.4,-1.2,0.0,98.0,0.0,6.7,36.0,2.0,3.0,1.9,-1.8
2020-01-01 06:50:00+00:00,-0.9,983.4,-1.2,0.0,98.0,0.0,6.7,51.0,1.0,2.8,1.2,-1.4
2020-01-01 07:00:00+00:00,-0.9,983.4,-1.2,0.0,98.0,0.0,6.6,54.0,2.0,2.7,1.6,-1.7
2020-01-01 07:10:00+00:00,-0.9,983.5,-1.2,0.0,98.0,0.0,6.6,48.0,2.0,2.9,2.1,-2.5
2020-01-01 07:20:00+00:00,-0.9,983.6,-1.2,0.0,98.0,0.0,6.6,35.0,2.0,3.2,2.1,-2.3
2020-01-01 07:30:00+00:00,-0.9,983.7,-1.3,1.0,98.0,0.0,6.6,43.0,2.0,4.2,2.6,-4.3
2020-01-01 07:40:00+00:00,-1.0,983.9,-1.3,4.0,98.0,0.0,6.7,51.0,2.0,3.9,2.7,-4.3
2020-01-01 07:50:00+00:00,-1.1,983.9,-1.3,6.0,98.0,0.0,6.7,46.0,2.0,4.3,2.8,-4.3
2020-01-01 08:00:00+00:00,-1.1,984.0,-1.4,9.0,98.0,0.0,6.7,54.0,2.0,3.9,3.1,-5.4
2020-01-01 08:10:00+00:00,-1.1,984.1,-1.4,13.0,98.0,0.0,6.7,70.0,2.0,3.8,2.7,-5.0
2020-01-01 08:20:00+00:00,-1.2,984.1,-1.5,18.0,98.0,0.0,6.7,57.0,2.0,3.7,2.7,-4.9
2020-01-01 08:30:00+00:00,-1.1,984.0,-1.4,24.0,98.0,0.0,6.7,41.0,1.0,2.6,1.3,-1.4
2020-01-01 08:40:00+00:00,-1.1,984.1,-1.5,28.0,97.0,0.0,6.7,336.0,1.0,1.8,0.9,-1.1
2020-01-01 08:50:00+00:00,-0.9,984.2,-1.3,26.0,97.0,0.0,6.7,347.0,1.0,2.1,1.3,-0.9
2020-01-01 09:00:00+00:00,-0.8,984.3,-1.3,29.0,96.0,0.0,6.7,45.0,1.0,2.7,1.1,-1.2
2020-01-01 09:10:00+00:00,-0.7,984.3,-1.2,32.0,96.0,0.0,6.7,73.0,1.0,2.1,1.1,-0.7
2020-01-01 09:20:00+00:00,-0.8,984.4,-1.3,39.0,96.0,0.0,6.7,57.0,0.0,1.6,0.2,-0.8
2020-01-01 09:30:00+00:00,-0.5,984.3,-1.1,43.0,96.0,0.0,6.8,192.0,1.0,1.6,0.6,-0.5
2020-01-01 09:40:00+00:00,-0.5,984.3,-1.2,48.0,95.0,0.0,6.8,159.0,1.0,1.7,1.0,-0.5
2020-01-01 09:50:00+00:00,-0.5,984.3,-1.1,49.0,95.0,0.0,6.8,146.0,1.0,2.0,1.0,-0.5
2020-01-01 10:00:00+00:00,-0.3,984.3,-1.0,52.0,95.0,0.0,6.8,201.0,1.0,1.4,0.6,-0.3
2020-01-01 10:10:00+00:00,-0.2,984.3,-0.9,50.0,95.0,0.0,6.8,277.0,0.0,1.3,0.2,-0.2
2020-01-01 10:20:00+00:00,-0.1,984.2,-0.9,48.0,95.0,0.0,6.8,339.0,0.0,1.5,0.0,-0.1
2020-01-01 10:30:00+00:00,0.0,984.2,-0.9,57.0,94.0,0.0,6.8,270.0,2.0,2.8,1.6,-0.7
2020-01-01 10:40:00+00:00,0.0,984.1,-0.9,69.0,94.0,0.0,6.8,285.0,1.0,2.4,1.5,-0.1
2020-01-01 10:50:00+00:00,0.0,984.0,-0.9,77.0,93.0,0.0,6.8,324.0,1.0,2.2,1.3,0.0
2020-01-01 11:00:00+00:00,0.0,983.9,-1.0,68.0,93.0,0.0,6.8,283.0,1.0,1.7,0.9,0.0
2020-01-01 11:10:00+00:00,0.2,983.8,-0.8,66.0,93.0,0.0,6.8,333.0,1.0,2.1,0.8,0.2
2020-01-01 11:20:00+00:00,0.3,983.8,-0.9,67.0,92.0,0.0,6.8,302.0,2.0,3.5,2.2,-1.7
2020-01-01 11:30:00+00:00,0.3,983.7,-1.0,72.0,91.0,0.0,6.8,280.0,1.0,3.3,1.3,-0.1
2020-01-01 11:40:00+00:00,0.3,983.6,-1.0,68.0,91.0,0.0,6.8,308.0,1.0,2.3,0.7,0.2
2020-01-01 11:50:00+00:00,0.3,983.6,-1.0,57.0,91.0,0.0,6.8,350.0,1.0,2.0,1.3,0.2
2020-01-01 12:00:00+00:00,0.4,983.5,-0.9,55.0,91.0,0.0,6.8,354.0,1.0,2.1,1.3,0.4
2020-01-01 12:10:00+00:00,0.4,983.4,-1.0,53.0,90.0,0.0,6.8,42.0,1.0,1.6,0.7,0.4
2020-01-01 12:20:00+00:00,0.4,983.4,-1.0,55.0,90.0,0.0,6.8,4.0,1.0,2.1,1.3,0.4
2020-01-01 12:30:00+00:00,0.3,983.4,-1.1,55.0,90.0,0.0,6.8,43.0,1.0,2.3,1.5,0.3
2020-01-01 12:40:00+00:00,0.3,983.4,-1.1,53.0,90.0,0.0,6.8,50.0,1.0,2.3,1.4,0.3
2020-01-01 12:50:00+00:00,0.3,983.3,-1.1,59.0,90.0,0.0,6.8,145.0,2.0,3.0,1.9,-0.6
2020-01-01 13:00:00+00:00,0.4,983.3,-1.1,59.0,90.0,0.0,6.8,122.0,1.0,2.2,1.4,0.4
2020-01-01 13:10:00+00:00,0.5,983.2,-1.0,57.0,90.0,0.0,6.8,174.0,1.0,1.8,1.2,0.5
2020-01-01 13:20:00+00:00,0.5,983.2,-1.0,53.0,89.0,0.0,6.8,46.0,1.0,2.0,1.4,0.5
2020-01-01 13:30:00+00:00,0.7,983.3,-0.9,46.0,89.0,0.0,6.8,157.0,1.0,3.0,1.5,0.2
2020-01-01 13:40:00+00:00,0.5,983.2,-1.1,45.0,89.0,0.0,6.8,131.0,2.0,2.8,1.6,-0.5
2020-01-01 13:50:00+00:00,0.5,983.1,-0.9,41.0,90.0,0.0,6.8,153.0,1.0,2.2,0.6,0.5
2020-01-01 14:00:00+00:00,0.7,983.0,-0.8,34.0,90.0,0.0,6.8,155.0,1.0,2.2,0.4,0.7
2020-01-01 14:10:00+00:00,0.6,983.0,-0.9,31.0,89.0,0.0,6.8,167.0,2.0,3.2,2.0,-0.9
2020-01-01 14:20:00+00:00,0.5,983.0,-1.0,27.0,90.0,0.0,6.8,82.0,2.0,2.6,1.6,0.2
2020-01-01 14:30:00+00:00,0.5,983.0,-1.0,23.0,90.0,0.0,6.8,169.0,1.0,2.3,1.3,0.5
2020-01-01 14:40:00+00:00,0.5,983.0,-1.0,20.0,89.0,0.0,6.8,50.0,2.0,2.9,2.0,-0.7
2020-01-01 14:50:00+00:00,0.3,983.0,-1.2,17.0,90.0,0.0,6.8,125.0,2.0,3.0,2.0,-1.4
2020-01-01 15:00:00+00:00,0.3,983.0,-1.1,16.0,90.0,0.0,6.8,155.0,2.0,3.0,1.9,-0.9
2020-01-01 15:10:00+00:00,0.3,983.0,-1.2,15.0,90.0,0.0,6.8,202.0,2.0,2.7,1.8,-0.4
2020-01-01 15:20:00+00:00,0.4,982.9,-1.1,11.0,90.0,0.0,6.8,288.0,1.0,2.3,1.2,0.4
2020-01-01 15:30:00+00:00,0.5,983.0,-1.0,7.0,90.0,0.0,6.8,329.0,1.0,1.6,0.8,0.5
2020-01-01 15:40:00+00:00,0.5,983.0,-1.1,3.0,90.0,0.0,6.8,205.0,1.0,2.2,0.9,0.4
2020-01-01 15:50:00+00:00,0.5,982.9,-1.0,1.0,90.0,0.0,6.8,191.0,1.0,1.9,0.7,0.5
2020-01-01 16:00:00+00:00,0.5,983.0,-1.0,0.0,90.0,0.0,6.8,155.0,1.0,2.0,0.8,0.5
2020-01-01 16:10:00+00:00,0.6,982.9,-0.9,0.0,90.0,0.0,6.7,200.0,1.0,1.9,1.0,0.6
2020-01-01 16:20:00+00:00,0.6,983.0,-0.9,0.0,90.0,0.0,6.7,344.0,1.0,1.6,1.0,0.6
2020-01-01 16:30:00+00:00,0.6,983.0,-1.0,0.0,89.0,0.0,6.7,327.0,1.0,2.0,0.8,0.6
2020-01-01 16:40:00+00:00,0.5,983.0,-1.0,0.0,90.0,0.0,6.7,228.0,1.0,1.8,1.1,0.5
2020-01-01 16:50:00+00:00,0.5,983.1,-1.0,0.0,90.0,0.0,6.7,278.0,2.0,2.4,1.8,0.2
2020-01-01 17:00:00+00:00,0.4,983.2,-1.0,0.0,90.0,0.0,6.7,212.0,2.0,2.7,1.9,-0.4
2020-01-01 17:10:00+00:00,0.4,983.2,-1.1,0.0,90.0,0.0,6.7,245.0,1.0,2.3,1.5,0.3
2020-01-01 17:20:00+00:00,0.3,983.3,-1.0,0.0,90.0,0.0,6.7,176.0,1.0,2.0,1.3,0.4
2020-01-01 17:30:00+00:00,0.5,983.3,-0.9,0.0,90.0,0.0,6.7,50.0,1.0,2.2,0.4,0.5
2020-01-01 17:40:00+00:00,0.7,983.3,-0.7,0.0,90.0,0.0,6.7,101.0,2.0,2.7,1.9,-0.2
2020-01-01 17:50:00+00:00,0.5,983.4,-0.7,0.0,92.0,0.0,6.7,69.0,1.0,2.7,1.4,0.4
2020-01-01 18:00:00+00:00,0.5,983.4,-0.6,0.0,92.0,0.0,6.7,64.0,2.0,3.1,2.2,-1.1
2020-01-01 18:10:00+00:00,0.3,983.4,-0.7,0.0,93.0,0.0,6.7,57.0,2.0,3.3,2.4,-2.4
2020-01-01 18:20:00+00:00,0.4,983.4,-0.6,0.0,93.0,0.0,6.7,59.0,2.0,2.9,2.0,-0.9
2020-01-01 18:30:00+00:00,0.4,983.4,-0.6,0.0,93.0,0.0,6.7,65.0,2.0,2.6,1.7,-0.1
2020-01-01 18:40:00+00:00,0.2,983.3,-0.8,0.0,93.0,0.0,6.7,114.0,1.0,1.8,0.7,0.2
2020-01-01 18:50:00+00:00,0.3,983.4,-0.7,0.0,93.0,0.0,6.7,147.0,1.0,1.6,0.6,0.3
2020-01-01 19:00:00+00:00,0.3,983.3,-0.9,0.0,92.0,0.0,6.7,202.0,1.0,2.9,1.5,-0.4
2020-01-01 19:10:00+00:00,0.3,983.3,-0.9,0.0,92.0,0.0,6.7,299.0,1.0,1.5,0.4,0.3
2020-01-01 19:20:00+00:00,0.3,983.3,-0.9,0.0,92.0,0.0,6.7,165.0,1.0,1.1,0.5,0.3
2020-01-01 19:30:00+00:00,0.4,983.2,-0.8,0.0,92.0,0.0,6.7,201.0,0.0,2.6,0.2,0.4
2020-01-01 19:40:00+00:00,0.6,983.1,-0.7,0.0,91.0,0.0,6.7,11.0,1.0,2.6,1.5,0.3
2020-01-01 19:50:00+00:00,0.7,983.1,-0.6,0.0,91.0,0.0,6.7,330.0,1.0,2.3,1.1,0.6
2020-01-01 20:00:00+00:00,0.6,983.0,-0.8,0.0,90.0,0.0,6.7,271.0,1.0,2.3,1.4,0.6
2020-01-01 20:10:00+00:00,0.4,983.0,-0.9,0.0,91.0,0.0,6.7,297.0,2.0,2.6,1.6,0.1
2020-01-01 20:20:00+00:00,0.4,983.0,-0.9,0.0,91.0,0.0,6.7,301.0,2.0,3.2,2.1,-1.5
2020-01-01 20:30:00+00:00,0.3,983.0,-1.0,0.0,91.0,0.0,6.7,284.0,1.0,2.8,1.3,0.1
2020-01-01 20:40:00+00:00,0.2,983.0,-1.0,0.0,92.0,0.0,6.7,296.0,1.0,1.7,0.8,0.2
2020-01-01 20:50:00+00:00,0.2,982.9,-0.9,0.0,92.0,0.0,6.7,321.0,1.0,2.5,1.4,0.1
2020-01-01 21:00:00+00:00,0.3,982.9,-0.9,0.0,92.0,0.0,6.7,334.0,1.0,2.1,1.3,0.3
2020-01-01 21:10:00+00:00,0.3,982.8,-0.8,0.0,92.0,0.0,6.7,337.0,1.0,2.6,1.5,0.1
2020-01-01 21:20:00+00:00,0.2,982.8,-0.8,0.0,92.0,0.0,6.7,319.0,1.0,2.6,1.3,0.1
2020-01-01 21:30:00+00:00,0.2,982.8,-0.9,0.0,92.0,0.0,6.6,317.0,2.0,2.7,1.7,-0.4
2020-01-01 21:40:00+00:00,0.0,982.7,-1.1,0.0,92.0,0.0,6.6,307.0,1.0,2.4,1.2,-0.2
2020-01-01 21:50:00+00:00,-0.2,982.7,-1.2,0.0,93.0,0.0,6.6,308.0,2.0,3.1,2.0,-1.6
2020-01-01 22:00:00+00:00,-0.2,982.8,-1.2,0.0,93.0,0.0,6.6,323.0,2.0,2.6,1.6,-0.7
2020-01-01 22:10:00+00:00,-0.2,982.8,-1.2,0.0,93.0,0.0,6.6,241.0,1.0,1.6,0.9,-0.2
2020-01-01 22:20:00+00:00,-0.2,982.8,-1.2,0.0,93.0,0.0,6.6,313.0,1.0,1.9,1.0,-0.2
2020-01-01 22:30:00+00:00,-0.3,982.7,-1.2,0.0,93.0,0.0,6.6,346.0,1.0,2.2,1.5,-0.3
2020-01-01 22:40:00+00:00,-0.2,982.7,-1.2,0.0,93.0,0.0,6.6,347.0,2.0,2.4,1.6,-0.4
2020-01-01 22:50:00+00:00,-0.2,982.6,-1.2,0.0,93.0,0.0,6.6,29.0,1.0,2.1,1.1,-0.2
2020-01-01 23:00:00+00:00,-0.4,982.5,-1.4,0.0,93.0,0.0,6.6,40.0,1.0,3.3,1.0,-1.2
2020-01-01 23:10:00+00:00,-0.6,982.5,-1.5,0.0,94.0,0.0,6.6,106.0,2.0,2.7,2.1,-2.3
2020-01-01 23:20:00+00:00,-0.6,982.5,-1.5,0.0,94.0,0.0,6.6,168.0,1.0,2.3,1.4,-0.6
2020-01-01 23:30:00+00:00,-0.5,982.5,-1.4,0.0,94.0,0.0,6.6,183.0,1.0,1.8,0.7,-0.5
2020-01-01 23:40:00+00:00,-0.5,982.5,-1.4,0.0,94.0,0.0,6.6,275.0,1.0,2.2,1.1,-0.5
2020-01-01 23:50:00+00:00,-0.5,982.4,-1.5,0.0,93.0,0.0,6.6,82.0,1.0,2.4,1.3,-0.6
2020-01-02 00:00:00+00:00,-0.6,982.3,-1.5,0.0,93.0,0.0,6.6,257.0,1.0,2.1,0.7,-0.6
2020-01-02 00:10:00+00:00,-0.5,982.3,-1.5,0.0,93.0,0.0,6.6,186.0,1.0,2.6,0.9,-0.5
2020-01-02 00:20:00+00:00,-0.4,982.3,-1.5,0.0,93.0,0.0,6.6,160.0,1.0,2.2,1.1,-0.5
2020-01-02 00:30:00+00:00,-0.3,982.2,-1.4,0.0,92.0,0.0,6.6,182.0,1.0,2.3,1.3,-0.4
2020-01-02 00:40:00+00:00,-0.3,982.2,-1.4,0.0,93.0,0.0,6.6,172.0,1.0,1.8,1.0,-0.3
2020-01-02 00:50:00+00:00,-0.4,982.2,-1.4,0.0,92.0,0.0,6.6,211.0,1.0,2.4,1.2,-0.4
2020-01-02 01:00:00+00:00,-0.2,982.1,-1.3,0.0,92.0,0.0,6.6,215.0,1.0,2.6,1.1,-0.3
2020-01-02 01:10:00+00:00,-0.3,982.1,-1.4,0.0,92.0,0.0,6.6,224.0,1.0,2.8,1.4,-0.5
2020-01-02 01:20:00+00:00,-0.3,982.2,-1.4,0.0,92.0,0.0,6.6,227.0,2.0,2.9,2.0,-1.7
2020-01-02 01:30:00+00:00,-0.4,982.2,-1.5,0.0,92.0,0.0,6.6,185.0,2.0,3.0,1.9,-1.5
2020-01-02 01:40:00+00:00,-0.5,982.1,-1.6,0.0,92.0,0.0,6.6,208.0,2.0,3.1,2.0,-2.1
2020-01-02 01:50:00+00:00,-0.5,982.2,-1.5,0.0,93.0,0.0,6.6,165.0,2.0,2.6,1.6,-0.8
2020-01-02 02:00:00+00:00,-0.4,982.2,-1.4,0.0,93.0,0.0,6.5,119.0,1.0,2.3,1.4,-0.4
2020-01-02 02:10:00+00:00,-0.4,982.1,-1.4,0.0,92.0,0.0,6.5,153.0,2.0,2.2,1.6,-0.4
2020-01-02 02:20:00+00:00,-0.3,982.1,-1.4,0.0,92.0,0.0,6.6,130.0,1.0,2.0,1.3,-0.3
2020-01-02 02:30:00+00:00,-0.3,982.1,-1.5,0.0,92.0,0.0,6.6,114.0,1.0,2.1,1.1,-0.3
2020-01-02 02:40:00+00:00,-0.5,982.3,-1.6,0.0,92.0,0.0,6.6,136.0,2.0,2.9,1.6,-0.9
2020-01-02 02:50:00+00:00,-0.5,982.3,-1.6,0.0,92.0,0.0,6.5,120.0,2.0,3.1,1.7,-1.3
2020-01-02 03:00:00+00:00,-0.6,982.2,-1.6,0.0,93.0,0.0,6.5,143.0,2.0,3.2,1.7,-1.1
2020-01-02 03:10:00+00:00,-0.6,982.2,-1.6,0.0,93.0,0.0,6.5,123.0,2.0,3.0,1.7,-1.2
2020-01-02 03:20:00+00:00,-0.5,982.1,-1.5,0.0,93.0,0.0,6.5,136.0,2.0,3.7,1.8,-1.3
2020-01-02 03:30:00+00:00,-0.5,982.0,-1.5,0.0,93.0,0.0,6.5,110.0,2.0,2.7,1.7,-1.3
2020-01-02 03:40:00+00:00,-0.4,982.0,-1.4,0.0,93.0,0.0,6.5,149.0,2.0,3.6,2.1,-2.2
2020-01-02 03:50:00+00:00,-0.3,982.0,-1.4,0.0,93.0,0.0,6.5,179.0,2.0,3.7,1.8,-1.5
2020-01-02 04:00:00+00:00,-0.5,982.0,-1.4,0.0,93.0,0.0,6.5,171.0,2.0,3.9,2.2,-2.3
2020-01-02 04:10:00+00:00,-0.5,981.9,-1.4,0.0,93.0,0.0,6.5,155.0,2.0,3.4,2.2,-2.4
2020-01-02 04:20:00+00:00,-0.4,981.9,-1.4,0.0,93.0,0.0,6.5,146.0,2.0,3.4,2.1,-2.1
2020-01-02 04:30:00+00:00,-0.4,981.8,-1.4,0.0,93.0,0.0,6.5,195.0,2.0,2.8,1.6,-0.9
2020-01-02 04:40:00+00:00,-0.4,981.8,-1.4,0.0,93.0,0.0,6.5,153.0,1.0,2.2,1.3,-0.4
2020-01-02 04:50:00+00:00,-0.4,981.8,-1.4,0.0,93.0,0.0,6.5,130.0,2.0,2.6,1.9,-1.2
2020-01-02 05:00:00+00:00,-0.5,981.8,-1.4,0.0,93.0,0.0,6.5,114.0,1.0,2.4,1.5,-0.7
2020-01-02 05:10:00+00:00,-0.5,981.8,-1.5,0.0,93.0,0.0,6.5,180.0,2.0,2.8,1.9,-1.6
2020-01-02 05:20:00+00:00,-0.5,981.9,-1.5,0.0,93.0,0.0,6.5,246.0,2.0,3.0,1.9,-1.6
2020-01-02 05:30:00+00:00,-0.5,981.8,-1.6,0.0,93.0,0.0,6.5,196.0,1.0,2.1,1.5,-0.5
2020-01-02 05:40:00+00:00,-0.5,981.8,-1.5,0.0,93.0,0.0,6.5,160.0,1.0,2.3,1.4,-0.6
2020-01-02 05:50:00+00:00,-0.5,981.8,-1.5,0.0,93.0,0.0,6.5,131.0,1.0,2.3,1.1,-0.6
2020-01-02 06:00:00+00:00,-0.4,981.7,-1.3,0.0,93.0,0.0,6.5,9.0,1.0,1.8,1.0,-0.4
2020-01-02 06:10:00+00:00,-0.3,981.8,-1.2,0.0,93.0,0.0,6.5,220.0,1.0,2.3,0.9,-0.4
2020-01-02 06:20:00+00:00,-0.3,981.9,-1.3,0.0,93.0,0.0,6.5,253.0,1.0,2.1,0.9,-0.3
2020-01-02 06:30:00+00:00,-0.5,981.8,-1.4,0.0,93.0,0.0,6.5,237.0,1.0,2.1,1.5,-0.5
2020-01-02 06:40:00+00:00,-0.4,981.8,-1.4,0.0,93.0,0.0,6.5,272.0,1.0,2.1,1.4,-0.4
2020-01-02 06:50:00+00:00,-0.4,981.8,-1.4,0.0,93.0,0.0,6.6,255.0,1.0,2.2,1.1,-0.4
2020-01-02 07:00:00+00:00,-0.5,981.8,-1.4,0.0,93.0,0.0,6.6,150.0,2.0,2.4,1.6,-0.7
2020-01-02 07:10:00+00:00,-0.5,981.8,-1.4,0.0,94.0,0.0,6.6,140.0,2.0,2.3,1.6,-0.5
2020-01-02 07:20:00+00:00,-0.5,981.9,-1.3,1.0,94.0,0.0,6.6,73.0,1.0,2.0,1.0,-0.5
2020-01-02 07:30:00+00:00,-0.4,981.9,-1.3,2.0,94.0,0.0,6.6,267.0,1.0,1.9,1.1,-0.4
2020-01-02 07:40:00+00:00,-0.5,982.0,-1.3,5.0,94.0,0.0,6.5,215.0,1.0,1.6,0.9,-0.5
2020-01-02 07:50:00+00:00,-0.6,981.9,-1.4,9.0,94.0,0.0,6.6,107.0,1.0,2.1,1.5,-0.6
2020-01-02 08:00:00+00:00,-0.6,982.0,-1.5,12.0,94.0,0.0,6.7,93.0,2.0,2.4,1.7,-0.9
2020-01-02 08:10:00+00:00,-0.7,982.1,-1.5,16.0,94.0,0.0,6.7,126.0,2.0,2.6,1.9,-1.4
2020-01-02 08:20:00+00:00,-0.6,982.1,-1.5,20.0,94.0,0.0,6.7,99.0,2.0,2.4,1.7,-0.8
2020-01-02 08:30:00+00:00,-0.5,982.2,-1.4,24.0,94.0,0.0,6.6,167.0,1.0,2.2,1.1,-0.5
2020-01-02 08:40:00+00:00,-0.4,982.2,-1.4,30.0,93.0,0.0,6.6,140.0,1.0,2.5,1.0,-0.5
2020-01-02 08:50:00+00:00,-0.4,982.3,-1.4,35.0,93.0,0.0,6.7,89.0,1.0,2.1,0.6,-0.4
2020-01-02 09:00:00+00:00,-0.3,982.3,-1.3,40.0,93.0,0.0,6.7,160.0,1.0,2.1,1.2,-0.3
2020-01-02 09:10:00+00:00,-0.2,982.3,-1.2,46.0,93.0,0.0,6.7,137.0,1.0,1.7,0.9,-0.2
2020-01-02 09:20:00+00:00,-0.3,982.3,-1.3,49.0,93.0,0.0,6.7,93.0,1.0,2.3,1.5,-0.3
2020-01-02 09:30:00+00:00,-0.4,982.3,-1.4,59.0,93.0,0.0,6.7,51.0,2.0,3.1,2.3,-3.0
2020-01-02 09:40:00+00:00,-0.4,982.4,-1.4,58.0,93.0,0.0,6.6,135.0,1.0,2.5,1.5,-0.9
2020-01-02 09:50:00+00:00,-0.5,982.5,-1.5,68.0,93.0,0.0,6.6,95.0,2.0,2.8,1.8,-1.6
2020-01-02 10:00:00+00:00,-0.5,982.4,-1.5,82.0,93.0,0.0,6.6,107.0,2.0,2.9,1.9,-1.3
2020-01-02 10:10:00+00:00,-0.4,982.3,-1.3,83.0,93.0,0.0,6.6,48.0,1.0,2.2,1.5,-0.4
2020-01-02 10:20:00+00:00,-0.3,982.3,-1.2,87.0,94.0,0.0,6.6,10.0,1.0,2.3,1.5,-0.4
2020-01-02 10:30:00+00:00,-0.3,982.3,-1.1,82.0,94.0,0.0,6.6,172.0,2.0,2.6,2.0,-1.3
2020-01-02 10:40:00+00:00,-0.2,982.3,-1.0,87.0,94.0,0.0,6.7,33.0,1.0,2.5,1.5,-0.2
2020-01-02 10:50:00+00:00,0.0,982.3,-0.9,91.0,94.0,0.0,6.7,143.0,1.0,2.3,1.1,-0.1
2020-01-02 11:00:00+00:00,0.0,982.2,-1.0,100.0,93.0,0.0,6.7,116.0,1.0,2.2,1.1,0.0
2020-01-02 11:10:00+00:00,-0.1,982.1,-1.0,99.0,93.0,0.0,6.7,172.0,1.0,2.3,1.4,-0.1
2020-01-02 11:20:00+00:00,0.0,981.9,-1.0,106.0,93.0,0.0,6.7,177.0,1.0,1.9,1.3,0.0
2020-01-02 11:30:00+00:00,0.0,981.9,-1.0,111.0,93.0,0.0,6.7,161.0,2.0,3.0,2.1,-1.8
2020-01-02 11:40:00+00:00,0.0,981.8,-1.0,115.0,93.0,0.0,6.7,114.0,1.0,1.6,0.8,0.0
2020-01-02 11:50:00+00:00,0.1,981.6,-1.0,110.0,92.0,0.0,6.7,90.0,0.0,1.3,0.2,0.1
2020-01-02 12:00:00+00:00,0.3,981.6,-0.9,115.0,92.0,0.0,6.7,123.0,1.0,2.1,1.3,0.3
2020-01-02 12:10:00+00:00,0.6,981.5,-0.7,119.0,91.0,0.0,6.7,119.0,1.0,2.0,1.3,0.6
2020-01-02 12:20:00+00:00,0.9,981.4,-0.5,112.0,91.0,0.0,6.7,130.0,1.0,2.5,0.7,0.8
2020-01-02 12:30:00+00:00,0.7,981.3,-0.7,111.0,90.0,0.0,6.7,129.0,2.0,2.9,1.8,0.0
2020-01-02 12:40:00+00:00,0.7,981.1,-0.7,98.0,90.0,0.0,6.7,89.0,1.0,2.6,1.5,0.3
2020-01-02 12:50:00+00:00,0.6,980.9,-0.7,84.0,91.0,0.0,6.7,110.0,1.0,2.3,1.5,0.6
2020-01-02 13:00:00+00:00,0.7,980.8,-0.6,73.0,91.0,0.0,6.7,121.0,1.0,1.9,1.0,0.7
2020-01-02 13:10:00+00:00,0.8,980.8,-0.4,73.0,91.0,0.0,6.7,114.0,2.0,3.4,2.1,-0.5
2020-01-02 13:20:00+00:00,0.8,980.7,-0.4,70.0,92.0,0.0,6.7,97.0,2.0,3.0,1.8,0.0
2020-01-02 13:30:00+00:00,0.7,980.7,-0.2,80.0,93.0,0.0,6.7,132.0,2.0,3.7,2.5,-2.3
2020-01-02 13:40:00+00:00,0.7,980.6,-0.2,72.0,93.0,0.0,6.7,133.0,2.0,3.2,2.2,-1.3
2020-01-02 13:50:00+00:00,0.8,980.7,-0.1,66.0,93.0,0.0,6.7,113.0,2.0,3.1,1.7,0.4
2020-01-02 14:00:00+00:00,1.0,980.7,0.0,50.0,93.0,0.0,6.7,114.0,1.0,2.8,1.4,0.7
2020-01-02 14:10:00+00:00,0.9,980.6,-0.1,76.0,93.0,0.0,6.7,125.0,1.0,2.4,1.5,0.8
2020-01-02 14:20:00+00:00,1.2,980.6,0.1,80.0,92.0,0.0,6.7,134.0,1.0,2.0,1.2,1.2
2020-01-02 14:30:00+00:00,1.1,980.5,0.0,68.0,92.0,0.0,6.7,144.0,1.0,2.3,1.5,1.1
2020-01-02 14:40:00+00:00,1.2,980.5,0.0,51.0,92.0,0.0,6.8,128.0,1.0,2.4,1.4,1.1
2020-01-02 14:50:00+00:00,1.1,980.4,-0.1,36.0,92.0,0.0,6.8,117.0,1.0,2.6,1.5,0.8
2020-01-02 15:00:00+00:00,1.0,980.4,-0.1,23.0,92.0,0.0,6.7,166.0,1.0,2.0,1.1,1.0
2020-01-02 15:10:00+00:00,1.1,980.3,-0.1,15.0,92.0,0.0,6.7,167.0,1.0,1.5,0.4,1.1
2020-01-02 15:20:00+00:00,1.1,980.4,0.0,11.0,92.0,0.0,6.7,39.0,1.0,1.5,0.7,1.1
2020-01-02 15:30:00+00:00,0.9,980.5,-0.1,6.0,93.0,0.0,6.7,154.0,2.0,3.2,2.1,-0.9
2020-01-02 15:40:00+00:00,0.7,980.5,-0.2,4.0,94.0,0.0,6.7,162.0,2.0,3.1,2.1,-0.6
2020-01-02 15:50:00+00:00,0.9,980.4,0.0,1.0,94.0,0.0,6.7,147.0,2.0,3.0,2.0,-0.4
2020-01-02 16:00:00+00:00,0.9,980.4,0.0,0.0,94.0,0.0,6.7,112.0,2.0,2.6,1.8,0.3
2020-01-02 16:10:00+00:00,0.8,980.4,-0.1,0.0,94.0,0.0,6.7,125.0,2.0,2.7,1.8,0.0
2020-01-02 16:20:00+00:00,0.8,980.4,-0.1,0.0,94.0,0.0,6.7,146.0,2.0,3.7,1.6,0.0
2020-01-02 16:30:00+00:00,0.9,980.5,-0.1,0.0,93.0,0.0,6.7,137.0,1.0,1.7,0.5,0.9
2020-01-02 16:40:00+00:00,1.0,980.5,0.0,0.0,93.0,0.0,6.7,149.0,1.0,1.3,0.4,1.0
2020-01-02 16:50:00+00:00,1.0,980.5,-0.1,0.0,92.0,0.0,6.7,187.0,1.0,1.6,0.6,1.0
2020-01-02 17:00:00+00:00,1.0,980.5,-0.2,0.0,92.0,0.0,6.6,118.0,1.0,1.7,1.2,1.0
2020-01-02 17:10:00+00:00,0.9,980.5,-0.2,0.0,93.0,0.0,6.6,201.0,1.0,1.7,0.7,0.9
2020-01-02 17:20:00+00:00,0.8,980.6,-0.2,0.0,92.0,0.0,6.6,329.0,1.0,1.6,0.7,0.8
2020-01-02 17:30:00+00:00,0.9,980.6,-0.2,0.0,93.0,0.0,6.6,164.0,1.0,1.9,0.6,0.9
2020-01-02 17:40:00+00:00,0.8,980.6,-0.3,0.0,92.0,0.0,6.6,137.0,1.0,1.9,1.2,0.8
2020-01-02 17:50:00+00:00,0.6,980.7,-0.5,0.0,93.0,0.0,6.6,156.0,1.0,2.4,1.4,0.4
2020-01-02 18:00:00+00:00,0.5,980.8,-0.6,0.0,93.0,0.0,6.6,155.0,2.0,2.5,1.6,0.3
2020-01-02 18:10:00+00:00,0.5,980.9,-0.5,0.0,93.0,0.0,6.6,239.0,1.0,2.5,1.2,0.4
2020-01-02 18:20:00+00:00,0.5,981.0,-0.6,0.0,93.0,0.0,6.6,329.0,1.0,2.2,1.3,0.5
2020-01-02 18:30:00+00:00,0.5,981.0,-0.6,0.0,93.0,0.0,6.6,313.0,1.0,1.6,0.9,0.5
2020-01-02 18:40:00+00:00,0.4,980.9,-0.6,0.0,93.0,0.0,6.6,330.0,1.0,1.7,0.4,0.4
2020-01-02 18:50:00+00:00,0.4,980.9,-0.7,0.0,92.0,0.0,6.6,42.0,0.0,1.6,0.2,0.4
2020-01-02 19:00:00+00:00,0.1,981.0,-0.9,0.0,93.0,0.0,6.5,120.0,2.0,2.4,1.7,-0.1
2020-01-02 19:10:00+00:00,-0.1,981.1,-1.1,0.0,93.0,0.0,6.5,93.0,2.0,3.0,2.2,-2.2
2020-01-02 19:20:00+00:00,-0.1,980.9,-1.0,0.0,94.0,0.0,6.5,81.0,3.0,5.1,3.7,-4.5
2020-01-02 19:30:00+00:00,-0.2,980.8,-1.1,0.0,94.0,0.0,6.5,106.0,2.0,5.3,2.7,-3.5
2020-01-02 19:40:00+00:00,-0.3,980.8,-1.2,0.0,93.0,0.0,6.5,280.0,1.0,3.4,0.3,-0.6
2020-01-02 19:50:00+00:00,-0.4,980.7,-1.3,0.0,94.0,0.0,6.5,51.0,1.0,3.5,0.4,-0.7
2020-01-02 20:00:00+00:00,-0.3,980.8,-1.2,0.0,94.0,0.0,6.5,10.0,1.0,3.9,0.6,-1.3
2020-01-02 20:10:00+00:00,-0.1,980.9,-0.9,0.0,94.0,0.0,6.5,48.0,1.0,3.5,1.4,-1.5
2020-01-02 20:20:00+00:00,-0.1,980.9,-1.0,0.0,94.0,0.0,6.5,60.0,2.0,4.3,3.0,-4.0
2020-01-02 20:30:00+00:00,-0.1,980.9,-0.9,0.0,94.0,0.0,6.5,41.0,2.0,3.7,2.4,-2.8
2020-01-02 20:40:00+00:00,0.0,981.0,-0.8,0.0,94.0,0.0,6.5,53.0,2.0,3.5,2.8,-3.7
2020-01-02 20:50:00+00:00,0.1,981.1,-0.7,0.0,94.0,0.0,6.5,30.0,2.0,4.5,2.7,-2.7
2020-01-02 21:00:00+00:00,0.1,981.0,-0.7,0.0,94.0,0.0,6.5,37.0,2.0,4.5,2.7,-2.7
2020-01-02 21:10:00+00:00,0.2,980.9,-0.6,0.0,94.0,0.0,6.5,22.0,2.0,3.8,2.4,-2.6
2020-01-02 21:20:00+00:00,0.4,980.9,-0.5,0.0,94.0,0.0,6.5,178.0,2.0,4.0,2.1,-1.3
2020-01-02 21:30:00+00:00,0.4,980.9,-0.5,0.0,94.0,0.0,6.5,24.0,2.0,3.7,2.3,-1.9
2020-01-02 21:40:00+00:00,0.4,980.9,-0.5,0.0,94.0,0.0,6.5,3.0,2.0,3.7,2.7,-3.0
2020-01-02 21:50:00+00:00,0.5,980.9,-0.5,0.0,93.0,0.0,6.5,41.0,2.0,3.8,2.6,-2.5
2020-01-02 22:00:00+00:00,0.5,981.0,-0.5,0.0,93.0,0.0,6.5,9.0,2.0,3.1,2.1,-1.2
2020-01-02 22:10:00+00:00,0.5,981.0,-0.5,0.0,93.0,0.0,6.5,36.0,2.0,3.3,2.1,-0.9
2020-01-02 22:20:00+00:00,0.5,980.9,-0.6,0.0,92.0,0.0,6.5,25.0,2.0,3.6,2.0,-0.9
2020-01-02 22:30:00+00:00,0.5,980.8,-0.6,0.0,92.0,0.0,6.5,10.0,2.0,3.5,2.2,-1.5
2020-01-02 22:40:00+00:00,0.5,980.8,-0.7,0.0,92.0,0.0,6.5,26.0,2.0,3.3,1.9,-0.5
2020-01-02 22:50:00+00:00,0.6,980.8,-0.6,0.0,92.0,0.0,6.5,23.0,2.0,2.4,1.7,0.4
2020-01-02 23:00:00+00:00,0.7,980.6,-0.5,0.0,92.0,0.0,6.5,177.0,2.0,3.0,2.3,-1.9
2020-01-02 23:10:00+00:00,0.8,980.6,-0.2,0.0,93.0,0.0,6.5,151.0,2.0,4.1,2.8,-3.2
2020-01-02 23:20:00+00:00,0.9,980.5,0.0,0.0,93.0,0.0,6.5,135.0,2.0,3.5,2.5,-2.0
2020-01-02 23:30:00+00:00,0.8,980.4,0.0,0.0,94.0,0.0,6.4,149.0,2.0,4.0,2.9,-2.9
2020-01-02 23:40:00+00:00,0.8,980.4,0.1,0.0,95.0,0.0,6.5,152.0,2.0,4.1,3.0,-3.2
2020-01-02 23:50:00+00:00,0.8,980.2,0.1,0.0,95.0,0.0,6.4,150.0,2.0,3.7,2.8,-3.1
2020-01-03 00:00:00+00:00,0.8,980.2,0.2,0.0,95.0,0.0,6.5,146.0,2.0,4.1,2.7,-2.5
2020-01-03 00:10:00+00:00,0.9,980.1,0.2,0.0,95.0,0.0,6.5,163.0,2.0,3.5,2.3,-1.9
2020-01-03 00:20:00+00:00,1.0,980.0,0.3,0.0,95.0,0.0,6.5,153.0,2.0,3.8,3.1,-2.5
2020-01-03 00:30:00+00:00,1.1,979.9,0.5,0.0,95.0,0.0,6.5,142.0,2.0,4.1,3.3,-3.0
2020-01-03 00:40:00+00:00,1.2,979.8,0.5,0.0,95.0,0.0,6.4,140.0,2.0,4.2,3.3,-3.1
2020-01-03 00:50:00+00:00,1.3,979.8,0.6,0.0,95.0,0.0,6.4,143.0,2.0,4.4,3.3,-3.0
2020-01-03 01:00:00+00:00,1.3,979.7,0.6,0.0,95.0,0.0,6.4,143.0,3.0,4.4,3.4,-2.8
2020-01-03 01:10:00+00:00,1.3,979.7,0.6,0.0,95.0,0.0,6.4,153.0,2.0,4.5,2.7,-1.6
2020-01-03 01:20:00+00:00,1.3,979.7,0.5,0.0,94.0,0.0,6.4,170.0,2.0,4.1,2.2,-0.6
2020-01-03 01:30:00+00:00,1.3,979.8,0.5,0.0,94.0,0.0,6.4,8.0,2.0,4.0,2.0,0.1
2020-01-03 01:40:00+00:00,1.4,979.7,0.5,0.0,94.0,0.0,6.5,172.0,2.0,4.0,2.4,-0.6
2020-01-03 01:50:00+00:00,1.3,979.5,0.4,0.0,94.0,0.0,6.5,175.0,2.0,3.4,2.5,-1.9
2020-01-03 02:00:00+00:00,1.3,979.3,0.5,0.0,95.0,0.0,6.5,171.0,2.0,4.9,3.3,-2.9
2020-01-03 02:10:00+00:00,1.3,979.2,0.5,0.0,95.0,0.0,6.4,178.0,2.0,5.4,3.1,-2.6
2020-01-03 02:20:00+00:00,1.2,979.2,0.5,0.0,95.0,0.0,6.5,21.0,2.0,3.3,2.0,-0.3
2020-01-03 02:30:00+00:00,1.1,979.2,0.5,0.0,95.0,0.0,6.4,176.0,2.0,4.4,2.8,-1.9
2020-01-03 02:40:00+00:00,1.2,979.1,0.5,0.0,96.0,0.0,6.4,1.0,2.0,4.2,2.8,-2.5
2020-01-03 02:50:00+00:00,1.1,979.0,0.4,0.0,95.0,0.0,6.5,38.0,2.0,3.7,2.6,-2.3
2020-01-03 03:00:00+00:00,1.0,978.8,0.4,0.0,96.0,0.0,6.5,39.0,2.0,3.6,2.3,-0.9
2020-01-03 03:10:00+00:00,0.9,978.7,0.3,0.0,96.0,0.0,6.4,42.0,2.0,3.5,2.3,-1.3
2020-01-03 03:20:00+00:00,0.8,978.8,0.3,0.0,96.0,0.0,6.4,53.0,2.0,3.8,2.3,-1.3
2020-01-03 03:30:00+00:00,0.8,978.7,0.2,0.0,96.0,0.0,6.4,33.0,2.0,3.4,2.5,-2.2
2020-01-03 03:40:00+00:00,0.7,978.7,0.2,0.0,97.0,0.0,6.4,11.0,2.0,3.9,2.8,-3.0
2020-01-03 03:50:00+00:00,0.7,978.6,0.3,0.0,97.0,0.0,6.4,178.0,2.0,4.1,2.8,-3.0
2020-01-03 04:00:00+00:00,0.7,978.6,0.3,0.0,97.0,0.0,6.4,7.0,2.0,3.9,2.4,-1.5
2020-01-03 04:10:00+00:00,0.7,978.6,0.3,0.0,97.0,0.0,6.4,22.0,2.0,3.8,2.8,-2.8
2020-01-03 04:20:00+00:00,0.6,978.5,0.2,0.0,97.0,0.0,6.4,9.0,2.0,4.0,3.0,-3.4
2020-01-03 04:30:00+00:00,0.6,978.6,0.3,0.0,97.0,0.0,6.4,31.0,2.0,3.7,2.7,-2.6
2020-01-03 04:40:00+00:00,0.7,978.6,0.3,0.0,97.0,0.0,6.4,1.0,2.0,2.8,1.9,-0.2
2020-01-03 04:50:00+00:00,0.7,978.6,0.3,0.0,97.0,0.0,6.4,33.0,2.0,3.0,2.1,-0.6
2020-01-03 05:00:00+00:00,0.8,978.5,0.4,0.0,97.0,0.0,6.4,167.0,1.0,2.6,1.1,0.5
2020-01-03 05:10:00+00:00,0.8,978.6,0.4,0.0,97.0,0.0,6.4,212.0,1.0,1.7,0.4,0.8
2020-01-03 05:20:00+00:00,0.9,978.6,0.5,0.0,97.0,0.0,6.4,179.0,1.0,1.6,0.4,0.9
2020-01-03 05:30:00+00:00,0.8,978.5,0.4,0.0,97.0,0.0,6.4,33.0,1.0,1.6,1.1,0.8
2020-01-03 05:40:00+00:00,0.8,978.5,0.4,0.0,97.0,0.0,6.4,42.0,1.0,2.1,1.3,0.8
2020-01-03 05:50:00+00:00,0.8,978.4,0.4,0.0,97.0,0.0,6.4,21.0,2.0,2.4,1.7,0.6
2020-01-03 06:00:00+00:00,0.7,978.5,0.3,0.0,97.0,0.0,6.4,36.0,2.0,3.1,2.0,-0.5
2020-01-03 06:10:00+00:00,0.6,978.5,0.2,0.0,97.0,0.0,6.4,11.0,2.0,3.2,2.3,-2.1
2020-01-03 06:20:00+00:00,0.6,978.4,0.2,0.0,98.0,0.0,6.4,15.0,2.0,3.3,2.1,-1.3
2020-01-03 06:30:00+00:00,0.7,978.6,0.4,0.0,98.0,0.0,6.4,174.0,2.0,3.3,1.8,-0.1
2020-01-03 06:40:00+00:00,0.8,978.6,0.4,0.0,98.0,0.0,6.3,9.0,2.0,3.6,2.2,-1.3
2020-01-03 06:50:00+00:00,0.8,978.5,0.5,0.0,98.0,0.0,6.3,177.0,2.0,3.1,2.1,-0.7
2020-01-03 07:00:00+00:00,0.9,978.7,0.6,0.0,98.0,0.0,6.4,31.0,2.0,3.0,1.9,-0.1
2020-01-03 07:10:00+00:00,1.1,978.8,0.7,0.0,98.0,0.0,6.4,66.0,2.0,2.8,1.7,0.7
2020-01-03 07:20:00+00:00,1.1,978.6,0.8,1.0,98.0,0.0,6.4,167.0,2.0,4.2,2.3,-0.8
2020-01-03 07:30:00+00:00,1.3,978.5,1.1,5.0,98.0,0.0,6.4,154.0,2.0,4.2,3.0,-2.5
2020-01-03 07:40:00+00:00,1.2,978.6,0.8,9.0,97.0,0.0,6.4,179.0,2.0,3.7,2.3,-0.8
2020-01-03 07:50:00+00:00,1.1,978.6,0.7,18.0,97.0,0.0,6.4,3.0,2.0,2.4,1.6,1.0
2020-01-03 08:00:00+00:00,1.1,978.7,0.7,27.0,97.0,0.0,6.4,26.0,1.0,1.9,1.0,1.1
2020-01-03 08:10:00+00:00,1.2,978.8,0.8,39.0,97.0,0.0,6.4,120.0,1.0,1.9,1.2,1.2
2020-01-03 08:20:00+00:00,1.3,978.7,0.8,48.0,97.0,0.0,6.4,192.0,1.0,1.9,1.0,1.3
2020-01-03 08:30:00+00:00,1.5,978.6,1.0,54.0,96.0,0.0,6.3,176.0,1.0,1.8,1.2,1.5
2020-01-03 08:40:00+00:00,1.6,978.8,1.0,64.0,96.0,0.0,6.4,98.0,1.0,1.7,1.0,1.6
2020-01-03 08:50:00+00:00,1.8,978.8,1.3,102.0,96.0,0.0,6.4,89.0,1.0,1.4,0.6,1.8
2020-01-03 09:00:00+00:00,2.3,978.8,1.6,102.0,95.0,0.0,6.4,157.0,1.0,1.3,0.3,2.3
2020-01-03 09:10:00+00:00,2.4,978.8,1.6,106.0,94.0,0.0,6.4,163.0,1.0,1.2,0.5,2.4
2020-01-03 09:20:00+00:00,2.6,978.8,1.8,110.0,94.0,0.0,6.4,174.0,1.0,1.8,0.8,2.6
2020-01-03 09:30:00+00:00,2.7,978.8,1.9,118.0,94.0,0.0,6.4,159.0,2.0,3.1,2.5,0.3
2020-01-03 09:40:00+00:00,2.7,978.9,2.0,134.0,95.0,0.0,6.4,161.0,2.0,3.1,2.5,-0.2
2020-01-03 09:50:00+00:00,2.9,978.9,2.0,155.0,94.0,0.0,6.4,157.0,2.0,3.0,1.7,2.2
2020-01-03 10:00:00+00:00,3.5,978.9,2.5,198.0,93.0,0.0,6.4,69.0,0.0,1.6,0.2,3.5
2020-01-03 10:10:00+00:00,4.1,978.8,2.6,229.0,90.0,0.0,6.4,36.0,1.0,2.5,1.1,4.0
2020-01-03 10:20:00+00:00,4.4,978.7,2.7,218.0,89.0,0.0,6.4,8.0,1.0,3.5,1.4,3.1
2020-01-03 10:30:00+00:00,4.3,978.6,2.4,239.0,88.0,0.0,6.4,53.0,1.0,3.5,1.4,2.0
2020-01-03 10:40:00+00:00,4.2,978.6,2.4,181.0,88.0,0.0,6.4,170.0,1.0,1.8,1.3,4.2
2020-01-03 10:50:00+00:00,4.8,978.6,2.7,173.0,86.0,0.0,6.4,146.0,1.0,1.9,0.8,4.8
2020-01-03 11:00:00+00:00,5.0,978.6,2.6,178.0,84.0,0.0,6.5,136.0,2.0,2.3,1.6,5.0
2020-01-03 11:10:00+00:00,5.1,978.6,2.6,261.0,84.0,0.0,6.5,147.0,1.0,2.0,1.1,5.1
2020-01-03 11:20:00+00:00,5.5,978.7,2.7,252.0,82.0,0.0,6.5,67.0,1.0,1.9,0.4,5.5
2020-01-03 11:30:00+00:00,6.1,978.5,2.7,279.0,79.0,0.0,6.5,71.0,1.0,2.4,0.6,6.0
2020-01-03 11:40:00+00:00,6.2,978.5,2.7,323.0,78.0,0.0,6.5,139.0,1.0,3.8,1.4,5.4
2020-01-03 11:50:00+00:00,6.0,978.3,2.4,320.0,78.0,0.0,6.5,169.0,1.0,2.6,0.5,5.9
2020-01-03 12:00:00+00:00,6.6,978.2,2.6,293.0,76.0,0.0,6.5,136.0,1.0,2.1,1.1,6.6
2020-01-03 12:10:00+00:00,7.2,978.3,2.7,313.0,73.0,0.0,6.5,156.0,1.0,2.4,1.5,7.0
2020-01-03 12:20:00+00:00,6.8,978.2,2.4,318.0,73.0,0.0,6.5,156.0,2.0,2.8,2.2,4.9
2020-01-03 12:30:00+00:00,6.8,978.1,2.7,331.0,75.0,0.0,6.6,151.0,2.0,3.8,2.4,5.2
2020-01-03 12:40:00+00:00,6.7,978.1,2.9,305.0,77.0,0.0,6.6,145.0,2.0,4.3,3.0,3.3
2020-01-03 12:50:00+00:00,5.7,978.0,3.3,171.0,84.0,0.0,6.6,131.0,2.0,4.1,2.8,2.6
2020-01-03 13:00:00+00:00,5.6,978.1,3.3,168.0,85.0,0.0,6.5,135.0,2.0,4.2,3.2,2.0
2020-01-03 13:10:00+00:00,5.7,978.2,3.6,133.0,86.0,0.0,6.5,125.0,2.0,3.9,2.6,2.6
2020-01-03 13:20:00+00:00,6.2,978.4,3.7,109.0,84.0,0.0,6.5,125.0,1.0,2.8,0.9,6.1
2020-01-03 13:30:00+00:00,6.7,978.4,3.4,132.0,79.0,0.0,6.5,126.0,1.0,2.7,1.2,6.7
2020-01-03 13:40:00+00:00,6.9,978.3,3.0,105.0,76.0,0.0,6.6,124.0,1.0,3.0,1.4,6.8
2020-01-03 13:50:00+00:00,6.9,978.2,2.9,94.0,75.0,0.0,6.6,35.0,1.0,2.8,0.9,6.8
2020-01-03 14:00:00+00:00,7.0,978.2,2.9,100.0,75.0,0.0,6.6,20.0,2.0,4.2,1.8,5.7
2020-01-03 14:10:00+00:00,7.0,978.2,3.2,74.0,77.0,0.0,6.6,167.0,2.0,4.2,2.7,3.8
2020-01-03 14:20:00+00:00,6.9,978.3,3.5,71.0,79.0,0.0,6.6,150.0,2.0,5.7,3.0,4.1
2020-01-03 14:30:00+00:00,6.8,978.2,3.7,59.0,81.0,0.0,6.6,166.0,3.0,5.6,3.9,2.6
2020-01-03 14:40:00+00:00,6.9,978.2,3.7,42.0,80.0,0.0,6.6,177.0,2.0,4.2,2.6,4.4
2020-01-03 14:50:00+00:00,7.6,978.1,2.8,37.0,71.0,0.0,6.6,95.0,2.0,6.7,2.5,5.4
2020-01-03 15:00:00+00:00,8.0,978.2,2.6,29.0,69.0,0.0,6.6,144.0,2.0,5.9,2.4,6.0
2020-01-03 15:10:00+00:00,8.0,978.2,2.6,22.0,69.0,0.0,6.6,131.0,2.0,5.4,2.7,5.1
2020-01-03 15:20:00+00:00,8.0,978.3,2.6,12.0,68.0,0.0,6.6,138.0,3.0,7.0,3.6,4.2
2020-01-03 15:30:00+00:00,8.0,978.3,2.6,7.0,68.0,0.0,6.6,179.0,3.0,6.6,3.5,4.3
2020-01-03 15:40:00+00:00,8.0,978.4,2.6,3.0,68.0,0.0,6.6,180.0,2.0,5.6,2.5,5.6
2020-01-03 15:50:00+00:00,8.1,978.4,2.5,1.0,68.0,0.0,6.6,134.0,2.0,5.7,2.4,6.0
2020-01-03 16:00:00+00:00,8.1,978.4,2.5,0.0,68.0,0.0,6.6,139.0,2.0,4.9,3.3,4.1
2020-01-03 16:10:00+00:00,8.1,978.5,2.5,0.0,67.0,0.0,6.6,158.0,2.0,7.1,3.1,5.3
2020-01-03 16:20:00+00:00,8.2,978.7,2.5,0.0,67.0,0.0,6.6,274.0,2.0,5.1,1.7,5.4
2020-01-03 16:30:00+00:00,7.6,978.9,3.0,0.0,72.0,0.0,6.6,319.0,2.0,3.7,1.9,6.1
2020-01-03 16:40:00+00:00,7.1,979.0,3.3,0.0,77.0,0.0,6.6,286.0,2.0,4.5,2.1,5.5
2020-01-03 16:50:00+00:00,6.9,978.9,3.7,0.0,80.0,0.0,6.6,171.0,3.0,9.5,3.8,4.3
2020-01-03 17:00:00+00:00,6.9,978.9,4.0,0.0,82.0,0.0,6.6,165.0,3.0,10.2,4.6,2.2
2020-01-03 17:10:00+00:00,7.1,979.1,4.0,1.0,81.0,0.0,6.6,201.0,3.0,7.5,3.9,3.0
2020-01-03 17:20:00+00:00,7.1,979.2,4.0,1.0,81.0,0.0,6.6,253.0,2.0,9.2,3.1,4.6
2020-01-03 17:30:00+00:00,6.9,979.3,4.3,0.0,83.0,0.0,6.7,308.0,2.0,4.4,2.4,4.6
2020-01-03 17:40:00+00:00,6.7,979.4,4.4,0.0,85.0,0.0,6.7,297.0,1.0,2.6,0.8,6.7
2020-01-03 17:50:00+00:00,6.7,979.5,4.5,0.0,86.0,0.0,6.7,331.0,1.0,2.5,1.3,6.6
2020-01-03 18:00:00+00:00,6.6,979.6,4.5,0.0,87.0,0.0,6.7,327.0,2.0,4.7,1.9,5.7
2020-01-03 18:10:00+00:00,6.5,979.7,4.6,0.0,87.0,0.0,6.7,357.0,2.0,3.0,1.8,5.7
2020-01-03 18:20:00+00:00,6.5,979.8,4.6,0.0,87.0,0.0,6.6,336.0,1.0,2.8,1.4,6.2
2020-01-03 18:30:00+00:00,6.5,980.1,4.6,0.0,88.0,0.0,6.6,6.0,1.0,2.1,0.9,6.5
2020-01-03 18:40:00+00:00,6.5,980.2,4.8,0.0,89.0,0.0,6.6,14.0,1.0,2.5,1.4,6.4
2020-01-03 18:50:00+00:00,6.5,980.2,5.0,0.0,90.0,0.0,6.6,59.0,2.0,3.2,1.6,6.3
2020-01-03 19:00:00+00:00,6.6,980.1,5.0,0.0,90.0,0.0,6.6,87.0,2.0,2.7,1.9,6.0
2020-01-03 19:10:00+00:00,6.7,980.1,5.1,0.0,90.0,0.0,6.6,236.0,1.0,4.7,0.4,6.4
2020-01-03 19:20:00+00:00,6.9,979.9,5.0,0.0,88.0,0.0,6.7,301.0,1.0,4.1,1.1,6.3
2020-01-03 19:30:00+00:00,6.9,980.1,5.0,0.0,88.0,0.0,6.7,17.0,1.0,2.5,1.4,6.7
2020-01-03 19:40:00+00:00,6.7,980.4,4.9,0.0,89.0,0.0,6.7,356.0,1.0,2.2,1.4,6.7
2020-01-03 19:50:00+00:00,6.7,980.4,5.0,0.0,89.0,0.0,6.7,308.0,1.0,1.9,0.9,6.7
2020-01-03 20:00:00+00:00,6.8,980.3,5.1,0.0,88.0,0.0,6.7,164.0,1.0,2.9,0.5,6.7
2020-01-03 20:10:00+00:00,7.0,980.4,5.0,0.0,87.0,0.0,6.7,96.0,2.0,7.5,2.7,5.1
2020-01-03 20:20:00+00:00,7.1,980.4,4.8,0.0,85.0,0.0,6.7,60.0,2.0,6.7,3.0,4.1
2020-01-03 20:30:00+00:00,7.3,980.3,4.7,0.0,84.0,0.0,6.7,170.0,2.0,3.9,2.4,5.0
2020-01-03 20:40:00+00:00,6.9,980.3,4.8,0.0,86.0,0.0,6.7,156.0,2.0,3.9,2.6,4.1
2020-01-03 20:50:00+00:00,6.6,980.5,4.7,1.0,87.0,0.0,6.7,178.0,2.0,4.8,2.9,3.8
2020-01-03 21:00:00+00:00,6.6,980.5,4.7,1.0,88.0,0.0,6.7,175.0,3.0,5.7,4.1,2.6
2020-01-03 21:10:00+00:00,6.6,980.5,4.7,1.0,88.0,0.0,6.7,10.0,2.0,5.1,3.2,3.4
2020-01-03 21:20:00+00:00,6.7,980.6,4.8,0.0,88.0,0.0,6.7,174.0,2.0,4.5,2.8,4.1
2020-01-03 21:30:00+00:00,6.9,980.6,4.9,0.0,87.0,0.0,6.7,38.0,1.0,3.8,1.4,6.5
2020-01-03 21:40:00+00:00,7.1,980.6,5.0,1.0,87.0,0.0,6.7,174.0,2.0,3.9,2.4,5.2
2020-01-03 21:50:00+00:00,6.9,980.7,5.0,0.0,88.0,0.0,6.7,170.0,2.0,4.7,3.3,3.6
2020-01-03 22:00:00+00:00,6.5,980.7,5.0,0.0,90.0,0.0,6.7,172.0,2.0,4.3,3.3,3.1
2020-01-03 22:10:00+00:00,6.4,980.6,5.1,0.0,92.0,0.0,6.7,172.0,2.0,4.0,2.6,4.1
2020-01-03 22:20:00+00:00,6.5,980.6,5.2,0.0,92.0,0.0,6.7,166.0,2.0,4.7,3.1,3.7
2020-01-03 22:30:00+00:00,6.5,980.6,5.3,0.0,92.0,0.0,6.7,159.0,2.0,3.8,2.9,3.5
2020-01-03 22:40:00+00:00,6.7,980.7,5.5,0.0,92.0,0.0,6.7,152.0,2.0,3.4,2.1,5.4
2020-01-03 22:50:00+00:00,6.8,980.8,5.5,0.0,91.0,0.0,6.7,142.0,2.0,4.9,2.4,4.9
2020-01-03 23:00:00+00:00,6.7,980.8,5.5,0.0,92.0,0.0,6.7,116.0,2.0,4.2,2.1,5.2
2020-01-03 23:10:00+00:00,6.8,980.7,5.5,0.0,92.0,0.0,6.7,111.0,2.0,4.9,2.3,4.7
2020-01-03 23:20:00+00:00,6.7,980.8,5.5,0.0,92.0,0.0,6.7,65.0,1.0,2.2,1.2,6.7
2020-01-03 23:30:00+00:00,6.8,980.8,5.6,0.0,92.0,0.0,6.7,108.0,1.0,3.1,0.7,6.5
2020-01-03 23:40:00+00:00,6.8,980.6,5.6,0.0,92.0,0.0,6.7,9.0,1.0,2.5,1.0,6.7
2020-01-03 23:50:00+00:00,6.9,980.6,5.6,0.0,92.0,0.0,6.7,178.0,2.0,3.1,1.8,6.5
2020-01-04 00:00:00+00:00,7.0,980.5,5.6,0.0,91.0,0.0,6.7,23.0,2.0,4.0,2.0,6.1
2020-01-04 00:10:00+00:00,6.7,980.5,5.5,0.0,91.0,0.0,6.7,178.0,2.0,4.7,3.0,3.6
2020-01-04 00:20:00+00:00,6.5,980.4,5.5,0.0,93.0,0.0,6.7,175.0,3.0,5.8,4.0,2.8
2020-01-04 00:30:00+00:00,6.6,980.3,5.6,0.0,94.0,0.0,6.7,26.0,2.0,5.4,3.3,3.1
2020-01-04 00:40:00+00:00,7.2,980.3,5.5,1.0,89.0,0.0,6.7,69.0,3.0,7.1,3.6,3.7
2020-01-04 00:50:00+00:00,7.8,980.4,4.9,1.0,82.0,0.0,6.7,75.0,3.0,7.1,3.5,4.0
2020-01-04 01:00:00+00:00,7.6,980.4,4.9,0.0,83.0,0.0,6.7,179.0,3.0,5.8,3.5,4.5
2020-01-04 01:10:00+00:00,7.2,980.4,5.2,0.0,87.0,0.0,6.7,14.0,2.0,4.9,2.8,4.5
2020-01-04 01:20:00+00:00,7.5,980.5,4.9,2.0,84.0,0.0,6.7,19.0,2.0,5.9,2.9,5.0
2020-01-04 01:30:00+00:00,7.7,980.6,4.7,2.0,81.0,0.0,6.7,74.0,2.0,7.1,2.5,5.4
2020-01-04 01:40:00+00:00,7.8,980.8,4.6,1.0,80.0,0.0,6.7,107.0,2.0,7.0,3.1,5.4
2020-01-04 01:50:00+00:00,7.9,980.8,4.5,2.0,79.0,0.0,6.7,91.0,2.0,6.1,3.3,4.3
2020-01-04 02:00:00+00:00,8.0,980.9,4.5,2.0,79.0,0.0,6.7,86.0,3.0,7.0,3.7,4.4
2020-01-04 02:10:00+00:00,8.0,980.9,4.5,2.0,78.0,0.0,6.7,123.0,2.0,8.2,2.9,5.0
2020-01-04 02:20:00+00:00,8.0,980.8,4.5,0.0,79.0,0.0,6.7,129.0,2.0,7.2,3.0,5.6
2020-01-04 02:30:00+00:00,8.0,980.8,4.6,0.0,79.0,0.0,6.7,140.0,2.0,6.1,2.5,5.8
2020-01-04 02:40:00+00:00,8.0,980.8,4.5,0.0,79.0,0.0,6.7,152.0,1.0,5.0,1.5,7.1
2020-01-04 02:50:00+00:00,8.1,980.8,4.5,0.0,78.0,0.0,6.7,112.0,2.0,7.6,2.6,6.5
2020-01-04 03:00:00+00:00,8.0,980.8,4.5,0.0,78.0,0.0,6.7,136.0,2.0,8.1,2.7,5.9
2020-01-04 03:10:00+00:00,8.0,980.8,4.5,0.0,79.0,0.0,6.7,154.0,2.0,6.4,2.9,5.2
2020-01-04 03:20:00+00:00,7.9,980.7,4.5,0.0,79.0,0.0,6.7,186.0,2.0,5.7,2.5,5.6
2020-01-04 03:30:00+00:00,8.0,980.7,4.5,0.0,79.0,0.0,6.7,98.0,2.0,6.1,2.4,6.0
2020-01-04 03:40:00+00:00,8.0,980.5,4.5,0.0,78.0,0.0,6.7,118.0,2.0,5.9,1.9,6.9
2020-01-04 03:50:00+00:00,8.0,980.6,4.5,0.0,78.0,0.0,6.7,105.0,2.0,5.8,2.3,6.4
2020-01-04 04:00:00+00:00,8.2,980.7,4.4,0.0,77.0,0.0,6.7,89.0,2.0,4.6,1.8,7.1
2020-01-04 04:10:00+00:00,8.1,980.6,4.4,0.0,77.0,0.0,6.7,99.0,2.0,5.2,2.4,6.3
2020-01-04 04:20:00+00:00,8.0,980.5,4.4,0.0,78.0,0.0,6.7,134.0,2.0,6.4,3.0,5.6
2020-01-04 04:30:00+00:00,8.1,980.5,4.4,0.0,78.0,0.0,6.7,134.0,2.0,5.1,2.3,6.5
2020-01-04 04:40:00+00:00,8.1,980.4,4.4,0.0,78.0,0.0,6.7,151.0,2.0,6.6,3.2,5.3
2020-01-04 04:50:00+00:00,8.1,980.5,4.4,0.0,77.0,0.0,6.7,140.0,2.0,5.7,2.9,5.4
2020-01-04 05:00:00+00:00,8.1,980.5,4.4,0.0,77.0,0.0,6.7,130.0,2.0,4.6,2.2,6.4
2020-01-04 05:10:00+00:00,8.1,980.7,4.4,0.0,78.0,0.0,6.7,124.0,2.0,5.0,2.0,6.7
2020-01-04 05:20:00+00:00,8.1,980.7,4.4,0.0,77.0,0.0,6.7,163.0,2.0,5.1,1.9,6.8
2020-01-04 05:30:00+00:00,8.1,980.8,4.4,0.0,78.0,0.0,6.7,148.0,2.0,4.3,2.1,6.7
2020-01-04 05:40:00+00:00,8.2,980.9,4.4,0.0,77.0,0.0,6.7,165.0,2.0,4.8,2.6,6.0
2020-01-04 05:50:00+00:00,8.1,980.9,4.4,0.0,77.0,0.0,6.7,212.0,2.0,6.1,2.6,6.4
2020-01-04 06:00:00+00:00,8.2,981.1,4.5,0.0,77.0,0.0,6.7,217.0,2.0,6.6,3.0,5.5
2020-01-04 06:10:00+00:00,8.2,981.1,4.5,0.0,77.0,0.0,6.7,192.0,2.0,8.1,3.1,5.0
2020-01-04 06:20:00+00:00,8.2,981.1,4.5,0.0,77.0,0.0,6.7,133.0,3.0,8.3,3.4,4.5
2020-01-04 06:30:00+00:00,8.2,981.0,4.6,0.0,78.0,0.0,6.7,171.0,3.0,10.4,4.2,3.5
2020-01-04 06:40:00+00:00,8.1,981.1,4.7,0.0,79.0,0.0,6.7,177.0,3.0,12.7,4.8,4.2
2020-01-04 06:50:00+00:00,8.0,981.2,4.7,0.0,79.0,0.0,6.7,164.0,3.0,8.6,4.2,3.8
2020-01-04 07:00:00+00:00,8.1,981.2,4.6,0.0,79.0,0.0,6.7,153.0,3.0,9.6,4.3,3.5
2020-01-04 07:10:00+00:00,8.2,981.4,4.6,0.0,78.0,0.0,6.7,152.0,3.0,9.9,3.5,5.0
2020-01-04 07:20:00+00:00,8.3,981.5,4.6,1.0,78.0,0.0,6.7,179.0,3.0,8.1,3.9,4.1
2020-01-04 07:30:00+00:00,8.1,981.5,4.8,7.0,80.0,0.0,6.7,143.0,2.0,6.0,2.9,5.4
2020-01-04 07:40:00+00:00,8.1,981.6,4.7,15.0,79.0,0.0,6.7,227.0,2.0,5.4,1.9,6.9
2020-01-04 07:50:00+00:00,8.2,981.5,4.7,19.0,79.0,0.0,6.7,218.0,2.0,6.5,2.5,6.3
2020-01-04 08:00:00+00:00,8.2,981.6,4.7,19.0,78.0,0.0,6.7,277.0,2.0,5.5,2.3,6.0
2020-01-04 08:10:00+00:00,8.2,981.8,4.8,26.0,79.0,0.0,6.7,293.0,2.0,5.5,2.1,7.0
2020-01-04 08:20:00+00:00,8.0,982.0,5.0,25.0,81.0,0.0,6.7,279.0,2.0,4.6,1.6,7.1
2020-01-04 08:30:00+00:00,7.7,982.0,5.3,32.0,85.0,0.0,6.7,275.0,2.0,4.9,2.2,6.0
2020-01-04 08:40:00+00:00,7.4,982.0,5.4,49.0,87.0,0.0,6.7,272.0,2.0,6.7,1.9,6.5
2020-01-04 08:50:00+00:00,7.4,982.1,5.6,66.0,88.0,0.0,6.7,284.0,2.0,5.6,1.7,6.4
2020-01-04 09:00:00+00:00,7.4,982.2,5.7,56.0,89.0,0.0,6.7,274.0,2.0,5.1,2.6,5.2
2020-01-04 09:10:00+00:00,7.3,982.1,5.7,53.0,89.0,0.0,6.7,263.0,2.0,4.2,1.8,6.5
2020-01-04 09:20:00+00:00,7.4,982.3,5.8,62.0,89.0,0.0,6.7,293.0,1.0,4.4,1.5,6.9
2020-01-04 09:30:00+00:00,7.5,982.4,5.8,60.0,89.0,0.0,6.7,287.0,2.0,6.1,2.4,5.9
2020-01-04 09:40:00+00:00,7.4,982.5,5.8,48.0,89.0,0.0,6.7,294.0,2.0,6.2,3.0,4.7
2020-01-04 09:50:00+00:00,7.3,982.6,5.8,83.0,90.0,0.0,6.7,330.0,2.0,4.1,2.2,6.2
2020-01-04 10:00:00+00:00,7.2,982.7,6.0,43.0,92.0,0.0,6.7,325.0,2.0,3.4,2.0,6.3
2020-01-04 10:10:00+00:00,7.3,982.9,6.1,35.0,92.0,0.0,6.7,329.0,1.0,2.9,1.5,6.9
2020-01-04 10:20:00+00:00,7.3,982.9,6.1,34.0,92.0,0.0,6.7,309.0,1.0,2.7,1.5,7.0
2020-01-04 10:30:00+00:00,7.2,983.0,6.1,69.0,93.0,0.0,6.7,308.0,2.0,5.4,2.7,5.4
2020-01-04 10:40:00+00:00,7.1,983.1,6.0,89.0,93.0,0.0,6.7,309.0,2.0,5.8,3.0,4.5
2020-01-04 10:50:00+00:00,7.1,983.2,5.9,86.0,92.0,0.0,6.8,306.0,2.0,5.0,3.1,4.2
2020-01-04 11:00:00+00:00,7.2,983.2,5.6,161.0,90.0,0.0,6.8,307.0,3.0,5.7,3.4,3.7
2020-01-04 11:10:00+00:00,7.7,983.2,5.7,368.0,87.0,0.0,6.8,311.0,3.0,7.1,3.6,4.7
2020-01-04 11:20:00+00:00,8.1,983.3,5.4,350.0,83.0,0.0,6.8,309.0,3.0,7.9,4.3,4.0
2020-01-04 11:30:00+00:00,8.1,983.3,5.0,241.0,81.0,0.0,6.8,305.0,3.0,9.6,5.2,3.2
2020-01-04 11:40:00+00:00,7.8,983.3,4.9,296.0,82.0,0.0,6.8,308.0,3.0,7.5,4.0,3.8
2020-01-04 11:50:00+00:00,8.0,983.1,4.9,207.0,81.0,0.0,6.8,315.0,3.0,8.8,4.7,3.5
2020-01-04 12:00:00+00:00,7.8,982.9,4.6,179.0,80.0,0.0,6.8,311.0,3.0,8.6,4.8,3.5
2020-01-04 12:10:00+00:00,7.5,982.8,4.4,184.0,81.0,0.0,6.8,312.0,3.0,8.7,3.9,3.3
2020-01-04 12:20:00+00:00,7.3,982.8,4.3,251.0,81.0,0.0,6.9,312.0,3.0,7.0,3.7,3.5
2020-01-04 12:30:00+00:00,7.2,982.7,4.2,151.0,82.0,0.0,6.9,309.0,3.0,7.6,4.4,2.8
2020-01-04 12:40:00+00:00,6.9,982.9,3.8,110.0,80.0,0.0,6.9,300.0,2.0,7.3,3.3,3.5
2020-01-04 12:50:00+00:00,6.7,983.0,3.6,77.0,81.0,0.0,6.9,301.0,2.0,5.9,2.8,3.9
2020-01-04 13:00:00+00:00,6.6,982.9,3.6,63.0,81.0,0.0,6.9,305.0,2.0,6.1,3.0,3.5
2020-01-04 13:10:00+00:00,6.6,983.1,3.7,62.0,82.0,0.0,6.9,306.0,3.0,7.6,4.0,3.0
2020-01-04 13:20:00+00:00,6.4,983.1,3.4,63.0,81.0,0.0,6.9,311.0,2.0,7.6,3.3,3.3
2020-01-04 13:30:00+00:00,6.4,983.3,3.2,57.0,80.0,0.0,6.9,314.0,2.0,7.4,3.3,2.8
2020-01-04 13:40:00+00:00,6.3,983.3,3.0,47.0,79.0,0.0,6.9,310.0,3.0,7.6,3.8,2.2
2020-01-04 13:50:00+00:00,6.3,983.4,3.0,42.0,79.0,0.0,6.9,309.0,3.0,6.9,4.1,1.7
2020-01-04 14:00:00+00:00,6.1,983.3,2.7,56.0,79.0,0.0,6.9,307.0,3.0,6.7,3.8,1.8
2020-01-04 14:10:00+00:00,6.0,983.3,2.6,46.0,78.0,0.0,6.9,306.0,3.0,8.0,4.6,1.1
2020-01-04 14:20:00+00:00,5.9,983.3,2.5,36.0,78.0,0.0,6.9,314.0,2.0,5.9,2.4,3.6
2020-01-04 14:30:00+00:00,5.9,983.5,2.4,28.0,78.0,0.0,6.9,332.0,2.0,5.0,2.0,4.3
2020-01-04 14:40:00+00:00,5.9,983.6,2.4,43.0,78.0,0.0,6.9,328.0,2.0,4.0,1.6,4.7
2020-01-04 14:50:00+00:00,5.8,983.7,2.4,29.0,79.0,0.0,6.9,315.0,2.0,4.4,2.2,3.9
2020-01-04 15:00:00+00:00,5.8,983.7,2.3,18.0,78.0,0.0,6.8,312.0,2.0,3.5,1.7,4.8
2020-01-04 15:10:00+00:00,5.9,983.8,2.3,13.0,78.0,0.0,6.8,273.0,1.0,3.0,1.3,5.7
2020-01-04 15:20:00+00:00,5.9,983.8,2.1,8.0,77.0,0.0,6.8,315.0,1.0,2.7,0.7,5.8
2020-01-04 15:30:00+00:00,5.8,983.9,1.9,4.0,76.0,0.0,6.8,246.0,1.0,2.0,0.5,5.8
2020-01-04 15:40:00+00:00,5.9,983.9,1.9,2.0,76.0,0.0,6.8,271.0,1.0,2.8,0.5,5.8
2020-01-04 15:50:00+00:00,5.8,984.0,1.8,1.0,75.0,0.0,6.8,310.0,1.0,3.9,1.4,4.9
2020-01-04 16:00:00+00:00,5.8,984.1,1.8,2.0,75.0,0.0,6.8,307.0,1.0,2.3,1.1,5.8
2020-01-04 16:10:00+00:00,5.6,984.2,1.7,0.0,76.0,0.0,6.8,296.0,1.0,2.6,0.3,5.6
2020-01-04 16:20:00+00:00,5.5,984.4,1.6,0.0,76.0,0.0,6.8,209.0,1.0,1.5,0.3,5.5
2020-01-04 16:30:00+00:00,5.4,984.4,1.2,0.0,74.0,0.0,6.8,288.0,1.0,2.8,1.2,5.0
2020-01-04 16:40:00+00:00,5.5,984.4,1.1,0.0,73.0,0.0,6.8,56.0,1.0,1.3,0.3,5.5
2020-01-04 16:50:00+00:00,5.5,984.3,1.2,0.0,74.0,0.0,6.8,91.0,1.0,1.6,0.7,5.5
2020-01-04 17:00:00+00:00,5.4,984.5,1.3,0.0,75.0,0.0,6.8,191.0,1.0,1.7,0.3,5.4
2020-01-04 17:10:00+00:00,5.2,984.6,1.3,0.0,76.0,0.0,6.8,153.0,1.0,1.9,0.5,5.2
2020-01-04 17:20:00+00:00,5.1,984.6,1.3,0.0,76.0,0.0,6.8,55.0,1.0,2.2,1.1,5.1
2020-01-04 17:30:00+00:00,5.2,984.6,1.1,0.0,75.0,0.0,6.8,143.0,0.0,1.2,0.1,5.2
2020-01-04 17:40:00+00:00,5.3,984.7,1.1,0.0,74.0,0.0,6.8,17.0,0.0,0.3,0.0,5.3
2020-01-04 17:50:00+00:00,5.2,984.8,0.8,0.0,73.0,0.0,6.8,280.0,2.0,6.5,1.8,4.5
2020-01-04 18:00:00+00:00,5.2,984.9,0.7,0.0,73.0,0.0,6.8,278.0,2.0,5.4,2.9,2.2
2020-01-04 18:10:00+00:00,5.1,984.9,0.8,0.0,73.0,0.0,6.7,230.0,2.0,6.6,1.9,3.6
2020-01-04 18:20:00+00:00,5.2,985.1,0.8,0.0,73.0,0.0,6.7,261.0,1.0,3.7,1.1,4.7
2020-01-04 18:30:00+00:00,5.2,985.3,0.7,0.0,73.0,0.0,6.7,293.0,2.0,4.1,1.8,3.9
2020-01-04 18:40:00+00:00,5.1,985.3,0.6,0.0,73.0,0.0,6.7,285.0,2.0,4.3,2.0,3.4
2020-01-04 18:50:00+00:00,5.1,985.2,0.5,0.0,72.0,0.0,6.7,277.0,1.0,3.6,1.2,4.7
2020-01-04 19:00:00+00:00,5.0,985.2,0.5,0.0,73.0,0.0,6.7,290.0,2.0,5.2,1.7,4.1
2020-01-04 19:10:00+00:00,4.9,985.2,0.4,0.0,73.0,0.0,6.7,292.0,2.0,5.1,1.7,3.5
2020-01-04 19:20:00+00:00,4.8,985.2,0.6,0.0,74.0,0.0,6.7,304.0,2.0,5.2,1.9,3.6
2020-01-04 19:30:00+00:00,4.7,985.1,0.6,0.0,74.0,0.0,6.7,273.0,2.0,7.4,3.1,1.5
2020-01-04 19:40:00+00:00,4.7,985.2,0.5,0.0,75.0,0.0,6.7,308.0,1.0,7.2,1.4,3.0
2020-01-04 19:50:00+00:00,4.7,985.5,0.6,0.0,75.0,0.0,6.7,274.0,1.0,3.7,0.5,4.0
2020-01-04 20:00:00+00:00,4.8,985.7,0.6,0.0,74.0,0.0,6.7,128.0,1.0,1.9,0.3,4.8
2020-01-04 20:10:00+00:00,4.7,985.6,0.5,0.0,74.0,0.0,6.7,312.0,1.0,4.4,1.1,4.2
2020-01-04 20:20:00+00:00,4.7,985.5,0.4,0.0,74.0,0.0,6.7,299.0,1.0,3.2,1.5,4.4
2020-01-04 20:30:00+00:00,4.7,985.7,0.6,0.0,74.0,0.0,6.7,325.0,2.0,3.7,1.6,3.7
2020-01-04 20:40:00+00:00,4.6,986.0,0.5,0.0,74.0,0.0,6.7,338.0,1.0,2.5,1.2,4.5
2020-01-04 20:50:00+00:00,4.7,986.1,0.5,0.0,74.0,0.0,6.7,320.0,2.0,3.4,1.7,3.8
2020-01-04 21:00:00+00:00,4.7,986.3,0.5,0.0,74.0,0.0,6.7,315.0,1.0,2.6,1.0,4.5
2020-01-04 21:10:00+00:00,4.7,986.4,0.5,0.0,74.0,0.0,6.7,322.0,1.0,2.9,1.0,4.3
2020-01-04 21:20:00+00:00,4.7,986.5,0.4,0.0,74.0,0.0,6.7,334.0,2.0,3.7,1.9,3.2
2020-01-04 21:30:00+00:00,4.7,986.5,0.5,0.0,74.0,0.0,6.7,328.0,0.0,1.4,0.2,4.7
2020-01-04 21:40:00+00:00,4.7,986.7,0.5,0.0,74.0,0.0,6.7,302.0,1.0,3.1,0.8,4.4
2020-01-04 21:50:00+00:00,4.6,986.8,0.5,0.0,74.0,0.0,6.7,275.0,1.0,2.9,0.6,4.4
2020-01-04 22:00:00+00:00,4.5,986.8,0.4,0.0,75.0,0.0,6.7,301.0,2.0,3.4,1.6,3.7
2020-01-04 22:10:00+00:00,4.3,986.9,0.5,0.0,76.0,0.0,6.7,309.0,2.0,4.5,2.2,2.4
2020-01-04 22:20:00+00:00,4.2,986.9,0.5,0.0,77.0,0.0,6.7,303.0,2.0,4.3,1.7,2.9
2020-01-04 22:30:00+00:00,4.2,986.8,0.5,0.0,77.0,0.0,6.7,288.0,1.0,2.2,0.8,4.2
2020-01-04 22:40:00+00:00,4.2,986.7,0.7,0.0,78.0,0.0,6.6,324.0,1.0,3.2,0.9,3.7
2020-01-04 22:50:00+00:00,4.2,986.7,0.7,0.0,78.0,0.0,6.6,310.0,1.0,2.5,0.6,4.2
2020-01-04 23:00:00+00:00,4.1,986.7,0.6,0.0,78.0,0.0,6.6,160.0,0.0,0.4,0.0,4.1
2020-01-04 23:10:00+00:00,4.1,986.8,0.7,0.0,79.0,0.0,6.6,149.0,1.0,1.3,0.4,4.1
2020-01-04 23:20:00+00:00,4.1,986.6,0.7,0.0,78.0,0.0,6.6,170.0,0.0,1.7,0.2,4.1
2020-01-04 23:30:00+00:00,4.1,986.5,0.6,0.0,78.0,0.0,6.6,111.0,0.0,0.4,0.0,4.1
2020-01-04 23:40:00+00:00,3.9,986.5,0.5,0.0,79.0,0.0,6.6,0.0,0.0,0.0,0.0,3.9
2020-01-04 23:50:00+00:00,3.8,986.4,0.5,0.0,79.0,0.0,6.6,0.0,0.0,0.0,0.0,3.8
2020-01-05 00:00:00+00:00,3.8,986.3,0.4,0.0,78.0,0.0,6.6,112.0,0.0,0.4,0.0,3.8
2020-01-05 00:10:00+00:00,3.8,986.3,0.3,0.0,78.0,0.0,6.6,0.0,0.0,0.0,0.0,3.8
2020-01-05 00:20:00+00:00,3.5,986.4,0.2,0.0,79.0,0.0,6.6,0.0,0.0,0.0,0.0,3.5
2020-01-05 00:30:00+00:00,3.3,986.4,0.2,0.0,80.0,0.0,6.6,0.0,0.0,0.0,0.0,3.3
2020-01-05 00:40:00+00:00,3.1,986.3,0.2,0.0,81.0,0.0,6.6,0.0,0.0,0.0,0.0,3.1
2020-01-05 00:50:00+00:00,3.0,986.3,0.3,0.0,82.0,0.0,6.6,159.0,2.0,2.6,1.6,2.7
2020-01-05 01:00:00+00:00,3.0,986.2,0.3,0.0,83.0,0.0,6.6,163.0,1.0,1.8,1.1,3.0
2020-01-05 01:10:00+00:00,2.9,986.1,0.4,0.0,83.0,0.0,6.6,29.0,1.0,1.6,0.4,2.9
2020-01-05 01:20:00+00:00,2.8,986.2,0.2,0.0,83.0,0.0,6.6,0.0,0.0,0.0,0.0,2.8
2020-01-05 01:30:00+00:00,2.6,986.4,0.1,0.0,84.0,0.0,6.6,0.0,0.0,0.0,0.0,2.6
2020-01-05 01:40:00+00:00,2.5,986.4,0.2,0.0,85.0,0.0,6.6,0.0,0.0,0.0,0.0,2.5
2020-01-05 01:50:00+00:00,2.3,986.2,0.0,0.0,84.0,0.0,6.6,0.0,0.0,0.0,0.0,2.3
2020-01-05 02:00:00+00:00,2.2,986.2,0.1,0.0,85.0,0.0,6.6,0.0,0.0,0.0,0.0,2.2
2020-01-05 02:10:00+00:00,2.2,986.1,0.2,0.0,86.0,0.0,6.6,0.0,0.0,0.0,0.0,2.2
2020-01-05 02:20:00+00:00,2.4,986.2,0.3,0.0,86.0,0.0,6.6,105.0,1.0,1.9,0.3,2.4
2020-01-05 02:30:00+00:00,2.5,986.2,0.3,0.0,86.0,0.0,6.6,0.0,0.0,0.0,0.0,2.5
2020-01-05 02:40:00+00:00,2.4,986.2,0.4,0.0,86.0,0.0,6.6,0.0,0.0,0.0,0.0,2.4
2020-01-05 02:50:00+00:00,2.4,986.1,0.4,0.0,87.0,0.0,6.6,277.0,1.0,1.8,0.4,2.4
2020-01-05 03:00:00+00:00,2.3,986.2,0.5,0.0,87.0,0.0,6.6,290.0,2.0,2.2,1.6,2.3
2020-01-05 03:10:00+00:00,2.3,986.2,0.4,0.0,87.0,0.0,6.6,308.0,1.0,1.7,1.3,2.3
2020-01-05 03:20:00+00:00,2.2,986.3,0.4,0.0,88.0,0.0,6.6,297.0,0.0,1.4,0.2,2.2
2020-01-05 03:30:00+00:00,1.9,986.3,0.2,0.0,88.0,0.0,6.6,170.0,1.0,2.2,1.0,1.9
2020-01-05 03:40:00+00:00,1.8,986.2,0.2,0.0,89.0,0.0,6.6,225.0,2.0,2.4,1.9,1.6
2020-01-05 03:50:00+00:00,1.7,986.2,0.1,0.0,89.0,0.0,6.6,165.0,2.0,2.0,1.6,1.7
2020-01-05 04:00:00+00:00,1.4,986.1,-0.1,0.0,89.0,0.0,6.6,205.0,1.0,1.6,0.5,1.4
2020-01-05 04:10:00+00:00,1.3,986.1,-0.2,0.0,90.0,0.0,6.6,0.0,0.0,0.0,0.0,1.3
2020-01-05 04:20:00+00:00,1.2,986.1,-0.2,0.0,90.0,0.0,6.6,0.0,0.0,0.0,0.0,1.2
2020-01-05 04:30:00+00:00,1.2,986.2,-0.2,0.0,90.0,0.0,6.6,0.0,0.0,0.0,0.0,1.2
2020-01-05 04:40:00+00:00,0.9,986.1,-0.5,0.0,91.0,0.0,6.6,0.0,0.0,0.0,0.0,0.9
2020-01-05 04:50:00+00:00,0.8,986.1,-0.3,0.0,92.0,0.0,6.6,0.0,0.0,0.0,0.0,0.8
2020-01-05 05:00:00+00:00,0.8,986.2,-0.3,0.0,92.0,0.0,6.6,0.0,0.0,0.0,0.0,0.8
2020-01-05 05:10:00+00:00,0.7,986.2,-0.5,0.0,92.0,0.0,6.6,0.0,0.0,0.0,0.0,0.7
2020-01-05 05:20:00+00:00,0.6,986.3,-0.5,0.0,93.0,0.0,6.5,0.0,0.0,0.0,0.0,0.6
2020-01-05 05:30:00+00:00,0.5,986.4,-0.5,0.0,93.0,0.0,6.5,0.0,0.0,0.0,0.0,0.5
2020-01-05 05:40:00+00:00,0.4,986.3,-0.6,0.0,93.0,0.0,6.5,0.0,0.0,0.0,0.0,0.4
2020-01-05 05:50:00+00:00,0.3,986.4,-0.6,0.0,93.0,0.0,6.5,0.0,0.0,0.0,0.0,0.3
2020-01-05 06:00:00+00:00,0.2,986.4,-0.7,0.0,94.0,0.0,6.5,279.0,0.0,0.9,0.0,0.2
2020-01-05 06:10:00+00:00,0.1,986.5,-0.8,0.0,94.0,0.0,6.5,271.0,0.0,0.7,0.0,0.1
2020-01-05 06:20:00+00:00,0.1,986.5,-0.7,0.0,94.0,0.0,6.5,0.0,0.0,0.0,0.0,0.1
2020-01-05 06:30:00+00:00,0.2,986.4,-0.6,0.0,95.0,0.0,6.5,307.0,1.0,1.8,1.3,0.2
2020-01-05 06:40:00+00:00,0.1,986.4,-0.7,0.0,94.0,0.0,6.5,300.0,1.0,2.0,0.9,0.1
2020-01-05 06:50:00+00:00,0.0,986.4,-0.8,0.0,95.0,0.0,6.5,298.0,2.0,1.9,1.6,0.0
2020-01-05 07:00:00+00:00,0.0,986.4,-0.8,0.0,95.0,0.0,6.5,294.0,2.0,2.5,1.8,-0.5
2020-01-05 07:10:00+00:00,0.0,986.4,-0.7,1.0,95.0,0.0,6.5,281.0,2.0,3.0,2.1,-2.0
2020-01-05 07:20:00+00:00,0.0,986.4,-0.6,3.0,95.0,0.0,6.5,284.0,2.0,2.4,1.7,-0.2
2020-01-05 07:30:00+00:00,0.1,986.6,-0.5,7.0,95.0,0.0,6.5,299.0,2.0,2.5,2.0,-0.9
2020-01-05 07:40:00+00:00,0.3,986.7,-0.2,27.0,96.0,0.0,6.5,320.0,1.0,2.6,1.5,0.3
2020-01-05 07:50:00+00:00,1.1,986.7,0.4,48.0,96.0,0.0,6.5,319.0,1.0,2.1,1.2,1.1
2020-01-05 08:00:00+00:00,1.7,986.6,0.8,63.0,94.0,0.0,6.5,309.0,1.0,2.0,1.1,1.7
2020-01-05 08:10:00+00:00,2.3,986.5,1.2,80.0,92.0,0.0,6.5,314.0,1.0,2.1,1.0,2.3
2020-01-05 08:20:00+00:00,2.9,986.6,1.4,98.0,90.0,0.0,6.5,313.0,2.0,3.2,1.7,2.4
2020-01-05 08:30:00+00:00,3.3,986.5,1.3,118.0,87.0,0.0,6.5,322.0,2.0,3.9,2.3,0.9
2020-01-05 08:40:00+00:00,3.3,986.5,1.0,140.0,85.0,0.0,6.5,323.0,2.0,3.9,1.8,2.7
2020-01-05 08:50:00+00:00,3.7,986.3,1.2,156.0,84.0,0.0,6.5,314.0,1.0,2.6,1.5,3.6
2020-01-05 09:00:00+00:00,3.9,986.3,1.1,175.0,82.0,0.0,6.5,318.0,2.0,2.7,1.7,3.5
2020-01-05 09:10:00+00:00,4.3,986.2,1.1,194.0,80.0,0.0,6.5,305.0,2.0,2.9,1.7,4.0
2020-01-05 09:20:00+00:00,4.6,986.2,1.1,212.0,78.0,0.0,6.5,316.0,2.0,3.4,1.8,3.7
2020-01-05 09:30:00+00:00,4.4,986.2,1.0,231.0,78.0,0.0,6.5,317.0,2.0,3.2,2.2,2.7
2020-01-05 09:40:00+00:00,4.4,986.2,1.1,246.0,79.0,0.0,6.5,334.0,2.0,2.9,1.7,3.7
2020-01-05 09:50:00+00:00,4.9,986.2,1.1,260.0,76.0,0.0,6.5,337.0,1.0,2.9,1.1,4.5
2020-01-05 10:00:00+00:00,5.1,986.1,1.2,274.0,76.0,0.0,6.5,328.0,2.0,3.4,1.6,4.3
2020-01-05 10:10:00+00:00,5.0,986.0,1.0,287.0,75.0,0.0,6.5,327.0,2.0,3.7,2.0,3.7
2020-01-05 10:20:00+00:00,5.3,986.1,1.1,297.0,74.0,0.0,6.5,327.0,2.0,3.1,2.0,4.0
2020-01-05 10:30:00+00:00,5.3,986.0,1.0,307.0,74.0,0.0,6.5,323.0,2.0,3.5,2.5,2.8
2020-01-05 10:40:00+00:00,5.6,985.9,1.0,263.0,72.0,0.0,6.6,321.0,2.0,3.4,1.9,4.7
2020-01-05 10:50:00+00:00,6.1,985.8,1.0,248.0,70.0,0.0,6.5,357.0,2.0,3.7,1.7,5.1
2020-01-05 11:00:00+00:00,6.1,985.7,0.9,205.0,69.0,0.0,6.6,17.0,3.0,4.9,3.4,2.1
2020-01-05 11:10:00+00:00,5.6,985.7,0.7,339.0,71.0,0.0,6.6,22.0,3.0,4.6,3.6,1.1
2020-01-05 11:20:00+00:00,5.6,985.7,0.9,302.0,72.0,0.0,6.6,24.0,2.0,4.6,3.0,1.8
2020-01-05 11:30:00+00:00,5.5,985.6,1.0,346.0,72.0,0.0,6.6,9.0,2.0,4.8,3.3,1.2
2020-01-05 11:40:00+00:00,5.7,985.4,1.0,344.0,72.0,0.0,6.6,5.0,2.0,4.9,3.1,1.7
2020-01-05 11:50:00+00:00,5.9,985.3,0.9,347.0,70.0,0.0,6.6,16.0,2.0,4.3,2.5,3.1
2020-01-05 12:00:00+00:00,6.1,985.2,0.6,349.0,68.0,0.0,6.6,48.0,2.0,4.9,2.5,3.4
2020-01-05 12:10:00+00:00,6.1,985.2,0.8,344.0,69.0,0.0,6.6,42.0,3.0,5.2,3.4,2.1
2020-01-05 12:20:00+00:00,6.2,985.1,0.7,343.0,68.0,0.0,6.6,34.0,2.0,4.5,2.4,4.3
2020-01-05 12:30:00+00:00,6.4,985.1,0.9,337.0,68.0,0.0,6.7,41.0,2.0,4.7,2.4,4.3
2020-01-05 12:40:00+00:00,6.3,985.0,0.7,329.0,67.0,0.0,6.7,48.0,2.0,4.4,2.3,3.9
2020-01-05 12:50:00+00:00,6.4,985.0,1.0,315.0,68.0,0.0,6.7,41.0,2.0,4.4,2.3,4.3
2020-01-05 13:00:00+00:00,6.7,985.0,1.0,301.0,67.0,0.0,6.7,21.0,2.0,3.6,1.7,5.8
2020-01-05 13:10:00+00:00,6.8,985.0,0.9,286.0,66.0,0.0,6.7,33.0,2.0,4.1,1.9,4.6
2020-01-05 13:20:00+00:00,7.0,984.9,1.0,271.0,65.0,0.0,6.7,46.0,2.0,4.0,2.1,5.1
2020-01-05 13:30:00+00:00,6.9,984.9,1.1,257.0,66.0,0.0,6.7,29.0,3.0,5.1,3.4,2.9
2020-01-05 13:40:00+00:00,6.8,984.9,1.1,239.0,67.0,0.0,6.8,35.0,2.0,4.7,1.8,5.5
2020-01-05 13:50:00+00:00,7.0,985.0,1.1,226.0,66.0,0.0,6.8,27.0,3.0,5.3,3.5,2.5
2020-01-05 14:00:00+00:00,6.7,985.0,1.1,211.0,67.0,0.0,6.8,52.0,3.0,6.6,4.8,1.8
2020-01-05 14:10:00+00:00,6.5,985.1,0.9,204.0,67.0,0.0,6.8,42.0,3.0,6.4,4.7,1.1
2020-01-05 14:20:00+00:00,6.5,985.2,0.9,164.0,67.0,0.0,6.8,43.0,3.0,6.4,4.5,1.3
2020-01-05 14:30:00+00:00,6.4,985.1,0.7,100.0,67.0,0.0,6.7,46.0,3.0,5.7,3.8,1.7
2020-01-05 14:40:00+00:00,6.4,985.1,0.8,72.0,68.0,0.0,6.7,47.0,3.0,5.5,3.7,2.3
2020-01-05 14:50:00+00:00,6.3,985.1,0.9,68.0,68.0,0.0,6.8,42.0,3.0,6.3,4.0,1.3
2020-01-05 15:00:00+00:00,6.3,985.2,0.8,55.0,68.0,0.0,6.7,38.0,3.0,6.3,4.5,1.1
2020-01-05 15:10:00+00:00,6.1,985.2,1.0,20.0,70.0,0.0,6.7,33.0,3.0,6.0,4.3,1.3
2020-01-05 15:20:00+00:00,6.0,985.4,0.8,17.0,69.0,0.0,6.7,49.0,3.0,6.4,3.9,1.2
2020-01-05 15:30:00+00:00,6.0,985.3,0.7,12.0,69.0,0.0,6.7,55.0,2.0,5.7,3.3,2.1
2020-01-05 15:40:00+00:00,5.9,985.2,0.9,7.0,70.0,0.0,6.7,46.0,2.0,3.9,1.9,4.7
2020-01-05 15:50:00+00:00,5.8,985.3,0.8,3.0,70.0,0.0,6.7,32.0,2.0,3.6,2.5,3.4
2020-01-05 16:00:00+00:00,5.7,985.2,0.9,1.0,71.0,0.0,6.7,24.0,2.0,4.5,2.9,2.2
2020-01-05 16:10:00+00:00,5.6,985.1,1.0,0.0,72.0,0.0,6.7,43.0,2.0,4.3,2.8,2.2
2020-01-05 16:20:00+00:00,5.5,985.2,0.9,0.0,72.0,0.0,6.7,34.0,2.0,4.4,3.1,1.5
2020-01-05 16:30:00+00:00,5.4,985.2,0.9,0.0,73.0,0.0,6.7,30.0,2.0,4.1,3.2,1.3
2020-01-05 16:40:00+00:00,5.3,985.1,1.0,0.0,74.0,0.0,6.7,37.0,2.0,4.5,3.3,1.1
2020-01-05 16:50:00+00:00,5.2,985.1,1.0,0.0,74.0,0.0,6.7,37.0,2.0,4.1,2.9,1.3
2020-01-05 17:00:00+00:00,5.2,985.1,1.1,0.0,75.0,0.0,6.7,33.0,2.0,3.9,2.8,1.5
2020-01-05 17:10:00+00:00,5.1,985.1,1.1,0.0,75.0,0.0,6.7,33.0,2.0,4.1,2.9,1.3
2020-01-05 17:20:00+00:00,5.1,985.0,1.0,0.0,75.0,0.0,6.7,30.0,2.0,4.4,2.9,1.2
2020-01-05 17:30:00+00:00,5.0,985.0,1.1,0.0,76.0,0.0,6.7,27.0,2.0,4.5,3.1,1.1
2020-01-05 17:40:00+00:00,4.9,985.0,1.0,0.0,76.0,0.0,6.7,26.0,2.0,4.2,3.2,0.7
2020-01-05 17:50:00+00:00,4.7,984.9,1.1,0.0,77.0,0.0,6.7,31.0,2.0,3.8,2.7,1.4
2020-01-05 18:00:00+00:00,4.3,984.9,0.6,0.0,77.0,0.0,6.7,26.0,2.0,2.8,2.1,2.9
2020-01-05 18:10:00+00:00,3.6,984.8,0.3,0.0,79.0,0.0,6.7,31.0,1.0,2.1,0.9,3.6
2020-01-05 18:20:00+00:00,3.1,984.8,0.1,0.0,80.0,0.0,6.7,256.0,1.0,1.4,0.7,3.1
2020-01-05 18:30:00+00:00,2.9,984.8,0.1,0.0,81.0,0.0,6.7,278.0,1.0,1.7,1.1,2.9
2020-01-05 18:40:00+00:00,3.0,984.8,0.3,0.0,82.0,0.0,6.7,322.0,1.0,1.7,1.1,3.0
2020-01-05 18:50:00+00:00,2.8,984.7,0.1,0.0,82.0,0.0,6.6,352.0,1.0,2.6,1.5,2.7
2020-01-05 19:00:00+00:00,2.6,984.6,0.2,0.0,84.0,0.0,6.6,360.0,1.0,2.8,0.9,2.5
2020-01-05 19:10:00+00:00,2.5,984.5,0.3,0.0,85.0,0.0,6.6,358.0,1.0,1.8,1.3,2.5
2020-01-05 19:20:00+00:00,2.4,984.5,0.3,0.0,86.0,0.0,6.6,351.0,1.0,1.9,1.3,2.4
2020-01-05 19:30:00+00:00,2.4,984.5,0.3,0.0,86.0,0.0,6.6,295.0,1.0,2.2,0.6,2.4
2020-01-05 19:40:00+00:00,2.2,984.4,0.2,0.0,86.0,0.0,6.6,167.0,1.0,2.4,1.3,2.2
2020-01-05 19:50:00+00:00,2.2,984.4,0.2,0.0,86.0,0.0,6.6,294.0,1.0,1.9,1.4,2.2
2020-01-05 20:00:00+00:00,2.0,984.4,0.1,0.0,87.0,0.0,6.6,289.0,1.0,1.9,1.5,2.0
2020-01-05 20:10:00+00:00,2.0,984.4,0.1,0.0,87.0,0.0,6.6,312.0,2.0,2.6,1.6,1.8
2020-01-05 20:20:00+00:00,1.7,984.4,-0.1,0.0,88.0,0.0,6.6,301.0,1.0,2.1,1.2,1.7
2020-01-05 20:30:00+00:00,1.5,984.3,-0.1,0.0,89.0,0.0,6.6,319.0,1.0,1.8,1.3,1.5
2020-01-05 20:40:00+00:00,1.4,984.1,-0.2,0.0,90.0,0.0,6.6,320.0,1.0,1.5,1.2,1.4
2020-01-05 20:50:00+00:00,1.3,984.1,-0.1,0.0,90.0,0.0,6.6,322.0,1.0,1.6,1.3,1.3
2020-01-05 21:00:00+00:00,1.4,984.0,0.1,0.0,91.0,0.0,6.6,330.0,1.0,2.2,1.5,1.4
2020-01-05 21:10:00+00:00,1.3,984.0,-0.1,0.0,90.0,0.0,6.6,314.0,2.0,2.4,1.6,1.3
2020-01-05 21:20:00+00:00,1.5,984.0,0.2,0.0,91.0,0.0,6.6,324.0,1.0,1.8,1.0,1.5
2020-01-05 21:30:00+00:00,1.7,983.9,0.3,0.0,91.0,0.0,6.6,297.0,2.0,2.7,1.8,0.7
2020-01-05 21:40:00+00:00,1.9,983.9,0.6,0.0,91.0,0.0,6.6,297.0,2.0,4.2,3.0,-1.9
2020-01-05 21:50:00+00:00,2.2,983.8,0.8,0.0,90.0,0.0,6.6,302.0,2.0,3.6,2.8,-1.5
2020-01-05 22:00:00+00:00,2.4,983.7,0.7,0.0,89.0,0.0,6.6,309.0,2.0,3.1,2.4,-0.2
2020-01-05 22:10:00+00:00,2.2,983.7,0.4,0.0,88.0,0.0,6.6,306.0,2.0,3.2,2.7,-1.5
2020-01-05 22:20:00+00:00,1.6,983.6,-0.3,0.0,88.0,0.0,6.6,316.0,2.0,3.2,2.3,-0.8
2020-01-05 22:30:00+00:00,1.1,983.5,-0.4,0.0,90.0,0.0,6.6,318.0,1.0,2.2,1.2,1.1
2020-01-05 22:40:00+00:00,1.2,983.4,-0.2,0.0,91.0,0.0,6.5,298.0,1.0,1.9,1.0,1.2
2020-01-05 22:50:00+00:00,0.8,983.2,-0.5,0.0,91.0,0.0,6.6,297.0,2.0,2.6,1.8,0.5
2020-01-05 23:00:00+00:00,1.0,983.2,-0.1,0.0,92.0,0.0,6.6,315.0,2.0,2.6,2.0,0.0
2020-01-05 23:10:00+00:00,0.9,983.2,-0.4,0.0,91.0,0.0,6.5,322.0,2.0,2.0,1.6,0.9
2020-01-05 23:20:00+00:00,0.5,983.1,-0.6,0.0,92.0,0.0,6.5,319.0,1.0,2.1,1.4,0.5
2020-01-05 23:30:00+00:00,0.5,983.0,-0.6,0.0,93.0,0.0,6.5,307.0,2.0,2.3,1.8,0.4
2020-01-05 23:40:00+00:00,0.5,982.9,-0.5,0.0,93.0,0.0,6.5,311.0,2.0,2.4,1.9,0.2
2020-01-05 23:50:00+00:00,0.3,982.9,-0.6,0.0,93.0,0.0,6.5,304.0,2.0,2.3,1.7,0.2
2020-01-06 00:00:00+00:00,0.2,982.8,-0.7,0.0,94.0,0.0,6.5,306.0,1.0,1.9,1.4,0.2
2020-01-06 00:10:00+00:00,0.1,982.8,-0.7,0.0,94.0,0.0,6.5,295.0,2.0,2.4,2.0,-0.8
2020-01-06 00:20:00+00:00,0.0,982.7,-0.8,0.0,94.0,0.0,6.5,302.0,2.0,2.1,1.6,0.0
2020-01-06 00:30:00+00:00,0.0,982.6,-0.8,0.0,95.0,0.0,6.5,321.0,1.0,1.7,1.3,0.0
2020-01-06 00:40:00+00:00,-0.2,982.5,-1.0,0.0,94.0,0.0,6.5,334.0,1.0,1.4,1.0,-0.2
2020-01-06 00:50:00+00:00,-0.3,982.4,-1.0,0.0,95.0,0.0,6.5,336.0,1.0,2.2,1.5,-0.3
2020-01-06 01:00:00+00:00,-0.3,982.4,-0.9,0.0,95.0,0.0,6.5,349.0,1.0,1.6,1.1,-0.3
2020-01-06 01:10:00+00:00,-0.4,982.4,-1.1,0.0,95.0,0.0,6.5,316.0,1.0,2.2,1.1,-0.4
2020-01-06 01:20:00+00:00,-0.4,982.3,-0.9,0.0,96.0,0.0,6.5,319.0,1.0,2.0,1.5,-0.4
2020-01-06 01:30:00+00:00,-0.3,982.3,-0.9,0.0,96.0,0.0,6.5,321.0,2.0,2.8,1.9,-0.8
2020-01-06 01:40:00+00:00,-0.4,982.3,-1.0,0.0,96.0,0.0,6.5,317.0,2.0,2.9,2.0,-1.7
2020-01-06 01:50:00+00:00,-0.5,982.2,-1.1,0.0,96.0,0.0,6.4,313.0,2.0,2.8,1.8,-1.0
2020-01-06 02:00:00+00:00,-0.5,982.1,-1.1,0.0,96.0,0.0,6.4,327.0,2.0,3.2,2.5,-3.7
2020-01-06 02:10:00+00:00,-0.2,982.1,-0.7,0.0,97.0,0.0,6.4,319.0,2.0,3.1,2.3,-2.9
2020-01-06 02:20:00+00:00,-0.4,982.0,-0.9,0.0,96.0,0.0,6.4,321.0,2.0,3.1,2.4,-3.0
2020-01-06 02:30:00+00:00,-0.2,982.0,-0.7,0.0,97.0,0.0,6.4,328.0,1.0,2.5,1.5,-0.4
2020-01-06 02:40:00+00:00,-0.2,982.0,-0.8,0.0,96.0,0.0,6.4,322.0,2.0,2.3,1.6,-0.3
2020-01-06 02:50:00+00:00,-0.2,982.0,-0.6,0.0,97.0,0.0,6.4,316.0,2.0,2.9,1.9,-1.2
2020-01-06 03:00:00+00:00,-0.1,982.0,-0.5,0.0,97.0,0.0,6.4,324.0,2.0,3.0,2.0,-1.6
2020-01-06 03:10:00+00:00,0.1,982.0,-0.3,0.0,97.0,0.0,6.4,337.0,2.0,2.9,1.7,-0.7
2020-01-06 03:20:00+00:00,0.3,981.9,-0.1,0.0,98.0,0.0,6.4,341.0,2.0,3.2,1.8,-0.2
2020-01-06 03:30:00+00:00,0.3,981.9,-0.1,0.0,97.0,0.0,6.4,354.0,2.0,3.0,1.8,-0.7
2020-01-06 03:40:00+00:00,0.3,981.8,0.0,0.0,98.0,0.0,6.4,2.0,1.0,2.3,1.5,0.2
2020-01-06 03:50:00+00:00,0.3,981.8,0.0,0.0,98.0,0.0,6.4,336.0,1.0,2.5,1.3,0.0
2020-01-06 04:00:00+00:00,0.1,981.8,-0.2,0.0,97.0,0.0,6.4,274.0,2.0,2.9,2.1,-1.4
2020-01-06 04:10:00+00:00,-0.1,981.9,-0.5,0.0,98.0,0.0,6.4,270.0,2.0,2.5,1.8,-0.4
2020-01-06 04:20:00+00:00,-0.2,981.9,-0.5,0.0,98.0,0.0,6.4,275.0,1.0,2.5,1.4,-0.4
2020-01-06 04:30:00+00:00,-0.2,981.9,-0.4,0.0,98.0,0.0,6.4,244.0,1.0,1.9,0.9,-0.2
2020-01-06 04:40:00+00:00,-0.1,981.9,-0.3,0.0,98.0,0.0,6.4,251.0,1.0,2.1,1.0,-0.1
2020-01-06 04:50:00+00:00,-0.1,982.0,-0.3,0.0,98.0,0.0,6.4,246.0,1.0,2.2,1.2,-0.1
2020-01-06 05:00:00+00:00,-0.1,982.0,-0.3,0.0,98.0,0.0,6.4,183.0,1.0,1.3,0.7,-0.1
2020-01-06 05:10:00+00:00,0.0,982.0,-0.3,0.0,98.0,0.0,6.4,97.0,1.0,1.3,0.3,0.0
2020-01-06 05:20:00+00:00,0.0,982.0,-0.3,0.0,98.0,0.0,6.4,247.0,1.0,1.4,0.8,0.0
2020-01-06 05:30:00+00:00,0.0,982.0,-0.3,0.0,98.0,0.0,6.4,65.0,1.0,1.4,0.8,0.0
2020-01-06 05:40:00+00:00,0.0,982.1,-0.2,0.0,98.0,0.0,6.4,106.0,1.0,1.3,0.8,0.0
2020-01-06 05:50:00+00:00,0.0,982.1,-0.2,0.0,98.0,0.0,6.4,197.0,1.0,1.3,0.7,0.0
2020-01-06 06:00:00+00:00,-0.3,982.1,-0.6,0.0,98.0,0.0,6.4,24.0,2.0,2.7,1.6,-1.0
2020-01-06 06:10:00+00:00,-0.3,982.1,-0.5,0.0,99.0,0.0,6.4,30.0,2.0,2.5,1.9,-0.9
2020-01-06 06:20:00+00:00,-0.3,982.1,-0.5,0.0,98.0,0.0,6.4,5.0,2.0,2.5,1.7,-0.4
2020-01-06 06:30:00+00:00,-0.3,982.1,-0.5,0.0,98.0,0.0,6.4,71.0,2.0,2.0,1.6,-0.3
2020-01-06 06:40:00+00:00,-0.3,982.1,-0.5,0.0,99.0,0.0,6.4,43.0,2.0,3.1,2.0,-1.1
2020-01-06 06:50:00+00:00,-0.3,982.1,-0.5,0.0,99.0,0.0,6.3,75.0,2.0,3.5,2.5,-3.3
2020-01-06 07:00:00+00:00,-0.2,982.1,-0.4,0.0,99.0,0.0,6.3,91.0,2.0,3.1,2.3,-2.7
2020-01-06 07:10:00+00:00,-0.1,982.2,-0.3,0.0,99.0,0.0,6.3,95.0,2.0,2.7,2.0,-1.1
2020-01-06 07:20:00+00:00,-0.1,982.2,-0.3,1.0,98.0,0.0,6.3,54.0,2.0,2.7,1.9,-1.0
2020-01-06 07:30:00+00:00,0.1,982.2,-0.1,2.0,98.0,0.0,6.3,107.0,1.0,2.0,1.2,0.1
2020-01-06 07:40:00+00:00,0.2,982.2,0.0,3.0,98.0,0.0,6.3,211.0,1.0,1.3,0.6,0.2
2020-01-06 07:50:00+00:00,0.2,982.1,-0.1,6.0,98.0,0.0,6.3,163.0,2.0,3.6,2.1,-1.9
2020-01-06 08:00:00+00:00,0.2,982.2,0.1,10.0,99.0,0.0,6.3,121.0,2.0,3.7,2.9,-3.9
2020-01-06 08:10:00+00:00,0.2,982.1,0.0,13.0,99.0,0.0,6.3,105.0,2.0,3.1,2.1,-1.2
2020-01-06 08:20:00+00:00,0.3,982.1,0.1,17.0,98.0,0.0,6.3,110.0,2.0,2.6,1.7,-0.3
2020-01-06 08:30:00+00:00,0.2,982.1,-0.1,23.0,98.0,0.0,6.3,35.0,2.0,2.6,1.7,-0.2
2020-01-06 08:40:00+00:00,0.1,982.1,-0.1,25.0,98.0,0.0,6.3,102.0,2.0,2.5,1.8,0.0
2020-01-06 08:50:00+00:00,0.1,982.0,-0.1,29.0,98.0,0.0,6.3,109.0,1.0,2.8,1.5,-0.1
2020-01-06 09:00:00+00:00,0.2,982.0,-0.1,34.0,98.0,0.0,6.3,52.0,1.0,2.1,1.5,0.2
2020-01-06 09:10:00+00:00,0.2,982.0,0.0,41.0,99.0,0.0,6.3,175.0,2.0,2.7,1.6,-0.3
2020-01-06 09:20:00+00:00,0.4,981.9,0.2,43.0,98.0,0.0,6.3,161.0,1.0,2.8,0.9,0.3
2020-01-06 09:30:00+00:00,0.6,981.9,0.3,55.0,98.0,0.0,6.3,86.0,1.0,1.9,1.2,0.6
2020-01-06 09:40:00+00:00,0.7,981.9,0.3,69.0,98.0,0.0,6.3,94.0,1.0,1.8,1.4,0.7
2020-01-06 09:50:00+00:00,0.7,981.9,0.4,72.0,98.0,0.0,6.3,64.0,1.0,1.8,1.1,0.7
2020-01-06 10:00:00+00:00,0.9,981.8,0.6,87.0,98.0,0.0,6.3,187.0,1.0,1.5,0.7,0.9
2020-01-06 10:10:00+00:00,1.0,981.7,0.7,105.0,97.0,0.0,6.4,179.0,1.0,1.9,1.0,1.0
2020-01-06 10:20:00+00:00,1.0,981.7,0.6,120.0,97.0,0.0,6.4,176.0,2.0,3.0,1.9,0.1
2020-01-06 10:30:00+00:00,1.0,981.6,0.5,117.0,97.0,0.0,6.4,25.0,1.0,2.0,1.2,1.0
2020-01-06 10:40:00+00:00,1.2,981.4,0.7,139.0,97.0,0.0,6.4,60.0,1.0,2.1,0.9,1.2
2020-01-06 10:50:00+00:00,1.4,981.2,0.8,153.0,96.0,0.0,6.4,147.0,0.0,1.2,0.1,1.4
2020-01-06 11:00:00+00:00,1.6,981.0,0.9,161.0,95.0,0.0,6.4,148.0,1.0,1.9,1.2,1.6
2020-01-06 11:10:00+00:00,1.6,980.9,0.8,182.0,95.0,0.0,6.4,29.0,1.0,2.2,0.9,1.6
2020-01-06 11:20:00+00:00,1.6,980.8,0.8,213.0,94.0,0.0,6.4,64.0,1.0,2.3,1.5,1.6
2020-01-06 11:30:00+00:00,2.5,980.7,1.4,319.0,93.0,0.0,6.4,174.0,1.0,1.9,1.1,2.5
2020-01-06 11:40:00+00:00,3.4,980.5,1.8,353.0,89.0,0.0,6.4,153.0,1.0,1.6,1.1,3.4
2020-01-06 11:50:00+00:00,3.8,980.3,1.5,352.0,85.0,0.0,6.5,145.0,1.0,1.7,1.3,3.8
2020-01-06 12:00:00+00:00,3.8,980.1,1.5,350.0,85.0,0.0,6.5,134.0,1.0,1.6,1.1,3.8
2020-01-06 12:10:00+00:00,5.0,980.0,2.0,347.0,81.0,0.0,6.5,113.0,1.0,1.3,0.9,5.0
2020-01-06 12:20:00+00:00,5.9,979.8,2.1,345.0,76.0,0.0,6.5,124.0,1.0,1.5,1.0,5.9
2020-01-06 12:30:00+00:00,6.5,979.7,2.0,338.0,73.0,0.0,6.5,133.0,1.0,1.5,1.1,6.5
2020-01-06 12:40:00+00:00,5.9,979.5,1.3,329.0,72.0,0.0,6.5,134.0,1.0,1.6,1.2,5.9
